{
  "Items": [
    {
      "Query": "za",
      "ExecutedDateTime": "2025-11-27T08:44:02.175894+07:00"
    },
    {
      "Query": "gg mc 1.21.10 apk",
      "ExecutedDateTime": "2025-11-27T08:46:10.5689338+07:00"
    },
    {
      "Query": "gg how to install app from other source on android",
      "ExecutedDateTime": "2025-11-27T08:56:11.5404219+07:00"
    },
    {
      "Query": "gg unknown apps can\u0027t be installed by this user",
      "ExecutedDateTime": "2025-11-27T08:57:23.5265588+07:00"
    },
    {
      "Query": "gg developer mode on android",
      "ExecutedDateTime": "2025-11-27T09:09:00.8315868+07:00"
    },
    {
      "Query": "gg oppo doesn\u0027t allow me to install from other source",
      "ExecutedDateTime": "2025-11-27T09:11:22.5043448+07:00"
    },
    {
      "Query": "gg mc apk",
      "ExecutedDateTime": "2025-11-27T09:12:58.097462+07:00"
    },
    {
      "Query": "quick",
      "ExecutedDateTime": "2025-11-27T09:15:18.1884415+07:00"
    },
    {
      "Query": "gg does old window version have the compression tool by default",
      "ExecutedDateTime": "2025-11-27T09:18:42.7839985+07:00"
    },
    {
      "Query": "gg can\u0027t install from other source even when I turn on installing from other source",
      "ExecutedDateTime": "2025-11-27T09:19:50.4673507+07:00"
    },
    {
      "Query": "notepad",
      "ExecutedDateTime": "2025-11-27T10:16:46.4032781+07:00"
    },
    {
      "Query": "iri",
      "ExecutedDateTime": "2025-11-27T10:27:26.9677518+07:00"
    },
    {
      "Query": "cam",
      "ExecutedDateTime": "2025-11-27T10:27:37.6489274+07:00"
    },
    {
      "Query": "dis",
      "ExecutedDateTime": "2025-11-27T10:28:05.247597+07:00"
    },
    {
      "Query": "gg soundwire",
      "ExecutedDateTime": "2025-11-27T10:31:35.6650771+07:00"
    },
    {
      "Query": "s manage audio",
      "ExecutedDateTime": "2025-11-27T10:33:10.6645231+07:00"
    },
    {
      "Query": "yt nh\u1EA1c c\u1ED5 phong remix",
      "ExecutedDateTime": "2025-11-27T10:34:59.4507128+07:00"
    },
    {
      "Query": "soundw",
      "ExecutedDateTime": "2025-11-27T10:36:54.4074199+07:00"
    },
    {
      "Query": "ir",
      "ExecutedDateTime": "2025-11-27T10:37:47.4563377+07:00"
    },
    {
      "Query": "di",
      "ExecutedDateTime": "2025-11-27T10:49:17.483649+07:00"
    },
    {
      "Query": "code",
      "ExecutedDateTime": "2025-11-27T10:53:22.1165107+07:00"
    },
    {
      "Query": "gg timer",
      "ExecutedDateTime": "2025-11-27T10:56:04.447322+07:00"
    },
    {
      "Query": "ob",
      "ExecutedDateTime": "2025-11-27T10:56:59.104854+07:00"
    },
    {
      "Query": "saving plan",
      "ExecutedDateTime": "2025-11-27T11:03:55.8353096+07:00"
    },
    {
      "Query": "24/27",
      "ExecutedDateTime": "2025-11-27T11:09:08.0646666+07:00"
    },
    {
      "Query": "250\u002B145\u002B150\u002B146",
      "ExecutedDateTime": "2025-11-27T11:10:12.6874169+07:00"
    },
    {
      "Query": "125\u002B145",
      "ExecutedDateTime": "2025-11-27T11:12:30.702527+07:00"
    },
    {
      "Query": "270/2",
      "ExecutedDateTime": "2025-11-27T11:12:32.4022781+07:00"
    },
    {
      "Query": "902-30",
      "ExecutedDateTime": "2025-11-27T11:12:44.8975872+07:00"
    },
    {
      "Query": "872/135",
      "ExecutedDateTime": "2025-11-27T11:12:48.8823088+07:00"
    },
    {
      "Query": "za",
      "ExecutedDateTime": "2025-11-27T11:25:55.3292063+07:00"
    },
    {
      "Query": "note",
      "ExecutedDateTime": "2025-11-27T11:33:28.7930714+07:00"
    },
    {
      "Query": "ob",
      "ExecutedDateTime": "2025-11-27T11:36:35.6279584+07:00"
    },
    {
      "Query": "gg mc bedrock",
      "ExecutedDateTime": "2025-11-27T11:37:50.9568435+07:00"
    },
    {
      "Query": "gg how to install mc bedrock on pc",
      "ExecutedDateTime": "2025-11-27T11:38:19.7972898+07:00"
    },
    {
      "Query": "gg free mc bedrock pc",
      "ExecutedDateTime": "2025-11-27T11:38:47.9614491+07:00"
    },
    {
      "Query": "gg does mc bedrock on pc and mobile in the same version are the same?",
      "ExecutedDateTime": "2025-11-27T11:39:20.7653097+07:00"
    },
    {
      "Query": "gg vi\u1EC7c l\u0169 t\u1EA1i vi\u1EC7t nam l\u00E0 do nh\u00E0 n\u01B0\u1EDBc x\u1EA3 \u0111\u1EADp c\u1EA5p b\u00E1ch l\u00E0 c\u00F3 \u0111\u00FAng hay kh\u00F4ng",
      "ExecutedDateTime": "2025-11-27T11:46:15.2440814+07:00"
    },
    {
      "Query": "gg li\u1EC7u 1 thi\u1EBFt b\u1ECB c\u00F3 MC PE kh\u00F4ng c\u00F3 mod c\u00F3 th\u1EC3 v\u00E0o \u0111\u01B0\u1EE3c server c\u00F3 mod s\u1EB5n kh\u00F4ng",
      "ExecutedDateTime": "2025-11-27T11:51:03.3115027+07:00"
    },
    {
      "Query": "gg 1 server aternos th\u00EC pc v\u00E0 mobile c\u00F9ng v\u00E0o dc kh\u00F4ng",
      "ExecutedDateTime": "2025-11-27T11:56:53.7829562+07:00"
    },
    {
      "Query": "za",
      "ExecutedDateTime": "2025-11-27T11:59:04.7377051+07:00"
    },
    {
      "Query": "notepad",
      "ExecutedDateTime": "2025-11-27T11:59:36.8722243+07:00"
    },
    {
      "Query": "za",
      "ExecutedDateTime": "2025-11-27T12:44:28.3171228+07:00"
    },
    {
      "Query": "gg timer",
      "ExecutedDateTime": "2025-11-27T12:45:27.405506+07:00"
    },
    {
      "Query": "gg minecraft java and bedrock, which one is better?",
      "ExecutedDateTime": "2025-11-27T12:54:20.3729221+07:00"
    },
    {
      "Query": "ob",
      "ExecutedDateTime": "2025-11-27T12:58:01.1367805+07:00"
    },
    {
      "Query": "gg can I download mc java edition on mobile",
      "ExecutedDateTime": "2025-11-27T13:00:36.9105882+07:00"
    },
    {
      "Query": "za",
      "ExecutedDateTime": "2025-11-27T13:04:07.9609564+07:00"
    },
    {
      "Query": "gg news on oppo error of installing apps from other sources",
      "ExecutedDateTime": "2025-11-27T13:13:00.6001812+07:00"
    },
    {
      "Query": "za",
      "ExecutedDateTime": "2025-11-27T13:33:14.1859873+07:00"
    },
    {
      "Query": "gg what\u0027s arm64-v8a phone?",
      "ExecutedDateTime": "2025-11-27T13:52:56.6788374+07:00"
    },
    {
      "Query": "gg timer",
      "ExecutedDateTime": "2025-11-27T14:03:32.0907266+07:00"
    },
    {
      "Query": "unit",
      "ExecutedDateTime": "2025-11-27T14:27:31.1193387+07:00"
    },
    {
      "Query": "code",
      "ExecutedDateTime": "2025-11-27T14:27:34.4636515+07:00"
    },
    {
      "Query": "chatgpt.com",
      "ExecutedDateTime": "2025-11-27T14:28:59.9438975+07:00"
    },
    {
      "Query": "gg timer",
      "ExecutedDateTime": "2025-11-27T14:29:44.6889974+07:00"
    },
    {
      "Query": "za",
      "ExecutedDateTime": "2025-11-27T14:31:40.3248432+07:00"
    },
    {
      "Query": "141/3",
      "ExecutedDateTime": "2025-11-27T14:34:10.3330652+07:00"
    },
    {
      "Query": "gg keyboard shortcuts in Unity Editor",
      "ExecutedDateTime": "2025-11-27T14:53:39.9197991+07:00"
    },
    {
      "Query": "gg what\u0027s the forward position of an obj in Unity",
      "ExecutedDateTime": "2025-11-27T15:05:14.4798651+07:00"
    },
    {
      "Query": "gg is 0 positive or negative",
      "ExecutedDateTime": "2025-11-27T15:12:52.599505+07:00"
    },
    {
      "Query": "za",
      "ExecutedDateTime": "2025-11-27T15:14:27.7286777+07:00"
    },
    {
      "Query": "gg does this line create an instance of the PlayerInput in Unity: \u0060public PlayerInput playerInput;\u0060",
      "ExecutedDateTime": "2025-11-27T15:36:55.3931543+07:00"
    },
    {
      "Query": "roadmap.sh",
      "ExecutedDateTime": "2025-11-27T15:59:27.1411377+07:00"
    },
    {
      "Query": "gg do server-side game developer similar to backend software developer (if yes, how many % of similarities they are)",
      "ExecutedDateTime": "2025-11-27T16:01:41.8014082+07:00"
    },
    {
      "Query": "za",
      "ExecutedDateTime": "2025-11-27T16:04:14.5404836+07:00"
    },
    {
      "Query": "12.5",
      "ExecutedDateTime": "2025-11-27T16:46:44.2568393+07:00"
    },
    {
      "Query": "gg what does this syntax do in Unity: \u0060Vector3 dir\u0060",
      "ExecutedDateTime": "2025-11-27T16:51:55.5658537+07:00"
    },
    {
      "Query": "gg length and squared length of a vector",
      "ExecutedDateTime": "2025-11-27T17:05:18.5846559+07:00"
    },
    {
      "Query": "gg timer",
      "ExecutedDateTime": "2025-11-27T17:05:58.6035817+07:00"
    },
    {
      "Query": "gg I want to take note in my my code by commenting, but I want it to be highlighted by the text editor, I\u0027m using vscode",
      "ExecutedDateTime": "2025-11-27T17:27:44.5194395+07:00"
    },
    {
      "Query": "ob",
      "ExecutedDateTime": "2025-11-27T18:01:10.6745681+07:00"
    },
    {
      "Query": "readme.md",
      "ExecutedDateTime": "2025-11-27T18:02:12.3839876+07:00"
    },
    {
      "Query": "notepad",
      "ExecutedDateTime": "2025-11-27T18:02:30.2212579+07:00"
    },
    {
      "Query": "gg timer",
      "ExecutedDateTime": "2025-11-27T18:06:53.014753+07:00"
    },
    {
      "Query": "gg how can I find a list of installed plugins on aternos?",
      "ExecutedDateTime": "2025-11-27T18:11:08.1539818+07:00"
    },
    {
      "Query": "gg what\u0027s the chat preview properties of a mc server",
      "ExecutedDateTime": "2025-11-27T18:15:39.3967264+07:00"
    },
    {
      "Query": "za",
      "ExecutedDateTime": "2025-11-27T18:34:30.1864492+07:00"
    },
    {
      "Query": "launcher",
      "ExecutedDateTime": "2025-11-27T18:43:20.4380047+07:00"
    },
    {
      "Query": "chrome",
      "ExecutedDateTime": "2025-11-27T18:52:04.0701462+07:00"
    },
    {
      "Query": "gg is there any device that will smartly help me optimize the electric usage in my house?",
      "ExecutedDateTime": "2025-11-27T18:56:04.4309433+07:00"
    },
    {
      "Query": "yt dogs run in big garden",
      "ExecutedDateTime": "2025-11-27T20:08:19.2447307+07:00"
    },
    {
      "Query": "lau",
      "ExecutedDateTime": "2025-11-27T20:10:48.7924854+07:00"
    },
    {
      "Query": "gg tin t\u1EE9c gi\u00E1 rau c\u1EE7 mi\u1EC1n qu\u00EA t\u0103ng m\u1EA1nh",
      "ExecutedDateTime": "2025-11-27T20:11:32.3036181+07:00"
    },
    {
      "Query": "launcher",
      "ExecutedDateTime": "2025-11-27T20:12:47.6943774+07:00"
    },
    {
      "Query": "gg about my minecraft server, i installed plugins that will support bedrock on java server, can bedrock edition work if I install mods on my Java server (I use aternos server)",
      "ExecutedDateTime": "2025-11-27T20:16:35.461324+07:00"
    },
    {
      "Query": "minecraft mobile java edition",
      "ExecutedDateTime": "2025-11-27T20:20:12.459496+07:00"
    },
    {
      "Query": "gg is there mobile minecraft java edition",
      "ExecutedDateTime": "2025-11-27T20:20:26.3525552+07:00"
    },
    {
      "Query": "gg free bedrock edition for pc",
      "ExecutedDateTime": "2025-11-27T20:22:21.5156758+07:00"
    },
    {
      "Query": "gg free minecraft bedrock edition for pc",
      "ExecutedDateTime": "2025-11-27T20:22:27.6744967+07:00"
    },
    {
      "Query": "gg timer",
      "ExecutedDateTime": "2025-11-27T20:28:53.9718492+07:00"
    },
    {
      "Query": "2025-",
      "ExecutedDateTime": "2025-11-27T20:55:36.6664668+07:00"
    },
    {
      "Query": "gg how to teleport to a cordinate in MC",
      "ExecutedDateTime": "2025-11-27T20:57:07.3934059+07:00"
    },
    {
      "Query": "gg for a fun minecraft gameplay with friend, should I use creative mode to teleport to him or spent time and effort to travel in survival mode?",
      "ExecutedDateTime": "2025-11-27T21:03:15.6471012+07:00"
    },
    {
      "Query": "gg how can I create a new minecraft world in aternos server or reset my world",
      "ExecutedDateTime": "2025-11-27T21:08:10.4281256+07:00"
    },
    {
      "Query": "gg what\u0027s seed in minecraft",
      "ExecutedDateTime": "2025-11-27T21:09:46.7908858+07:00"
    },
    {
      "Query": "gg what\u0027s the best seed for survival and traveling in minecraft",
      "ExecutedDateTime": "2025-11-27T21:10:09.014436+07:00"
    },
    {
      "Query": "za",
      "ExecutedDateTime": "2025-11-27T21:28:12.4698771+07:00"
    },
    {
      "Query": "gg how to play Minecraft without a mouse",
      "ExecutedDateTime": "2025-11-27T21:30:18.0539826+07:00"
    },
    {
      "Query": "za",
      "ExecutedDateTime": "2025-11-27T21:41:04.2502956+07:00"
    },
    {
      "Query": "chrome",
      "ExecutedDateTime": "2025-11-27T21:42:15.8566099+07:00"
    },
    {
      "Query": "ke",
      "ExecutedDateTime": "2025-11-28T05:59:45.2704155+07:00"
    },
    {
      "Query": "phone",
      "ExecutedDateTime": "2025-11-28T06:00:55.5908162+07:00"
    },
    {
      "Query": "chatgpt.com",
      "ExecutedDateTime": "2025-11-28T06:01:23.7969815+07:00"
    },
    {
      "Query": "\u003E \u0022C:\\Users\\nmdex\\scoop\\apps\\syncthing\\current\\syncthing.exe\u0022 --no-console",
      "ExecutedDateTime": "2025-11-28T06:06:06.6360843+07:00"
    },
    {
      "Query": "cmd",
      "ExecutedDateTime": "2025-11-28T06:06:22.2861897+07:00"
    },
    {
      "Query": "gg how to run a .exe file without opening the window on Windows",
      "ExecutedDateTime": "2025-11-28T06:10:11.1043538+07:00"
    },
    {
      "Query": "syncthing.exe",
      "ExecutedDateTime": "2025-11-28T06:10:46.3594478+07:00"
    },
    {
      "Query": "s locks",
      "ExecutedDateTime": "2025-11-28T06:12:31.8712839+07:00"
    },
    {
      "Query": "cmd",
      "ExecutedDateTime": "2025-11-28T06:14:19.681179+07:00"
    },
    {
      "Query": "\u003E",
      "ExecutedDateTime": "2025-11-28T06:19:35.0949008+07:00"
    },
    {
      "Query": "\u003E \u0022C:\\Users\\nmdex\\scoop\\apps\\syncthing\\current\\syncthing.exe\u0022",
      "ExecutedDateTime": "2025-11-28T06:19:41.5672647+07:00"
    },
    {
      "Query": "ter",
      "ExecutedDateTime": "2025-11-28T06:21:28.2062157+07:00"
    },
    {
      "Query": "\u003E Start-Process \u0022C:\\path\\to\\syncthing.exe\u0022 -WindowStyle Hidden",
      "ExecutedDateTime": "2025-11-28T06:22:43.0011057+07:00"
    },
    {
      "Query": "\u003E Start-Process \u0022C:\\Users\\nmdex\\scoop\\apps\\syncthing\\current\\syncthing.exe\u0022 -WindowStyle Hidden",
      "ExecutedDateTime": "2025-11-28T06:23:13.5725833+07:00"
    },
    {
      "Query": "ter",
      "ExecutedDateTime": "2025-11-28T06:23:29.5917233+07:00"
    },
    {
      "Query": "\u003E",
      "ExecutedDateTime": "2025-11-28T06:23:52.5812981+07:00"
    },
    {
      "Query": "gg timer",
      "ExecutedDateTime": "2025-11-28T06:27:11.7621564+07:00"
    },
    {
      "Query": "gg how to stop a process using powershell",
      "ExecutedDateTime": "2025-11-28T06:27:52.7153372+07:00"
    },
    {
      "Query": "gg what\u0027s a vbs file",
      "ExecutedDateTime": "2025-11-28T06:29:41.6676507+07:00"
    },
    {
      "Query": "code",
      "ExecutedDateTime": "2025-11-28T06:30:12.7448965+07:00"
    },
    {
      "Query": "gg what\u0027s the conventional way for naming the vbs file?",
      "ExecutedDateTime": "2025-11-28T06:31:26.4969735+07:00"
    },
    {
      "Query": "code",
      "ExecutedDateTime": "2025-11-28T06:41:21.4083509+07:00"
    },
    {
      "Query": "ter",
      "ExecutedDateTime": "2025-11-28T06:42:18.6605891+07:00"
    },
    {
      "Query": "chrome",
      "ExecutedDateTime": "2025-11-28T06:45:36.9461327+07:00"
    },
    {
      "Query": "code",
      "ExecutedDateTime": "2025-11-28T06:45:46.3488008+07:00"
    },
    {
      "Query": "gg 12/12 n\u00E0y vi\u1EC7t nam n\u00E0y c\u00F3 s\u1EF1 ki\u1EC7n g\u00EC \u0111\u1EB7c bi\u1EC7t kh\u00F4ng",
      "ExecutedDateTime": "2025-11-28T10:30:10.0345676+07:00"
    },
    {
      "Query": "yt x\u00EDch linh",
      "ExecutedDateTime": "2025-11-28T10:32:02.919+07:00"
    },
    {
      "Query": "za",
      "ExecutedDateTime": "2025-11-28T10:35:13.9436308+07:00"
    },
    {
      "Query": "gg timer",
      "ExecutedDateTime": "2025-11-28T10:35:55.0572608+07:00"
    },
    {
      "Query": "ob",
      "ExecutedDateTime": "2025-11-28T10:35:59.5906356+07:00"
    },
    {
      "Query": "saving plan",
      "ExecutedDateTime": "2025-11-28T10:36:25.2474597+07:00"
    },
    {
      "Query": "gg t\u1EA1i sao \u0111\u00E0 l\u1EA1t l\u1EA1i ng\u1EADp",
      "ExecutedDateTime": "2025-11-28T10:39:38.0069027+07:00"
    },
    {
      "Query": "za",
      "ExecutedDateTime": "2025-11-28T10:39:59.0635124+07:00"
    },
    {
      "Query": "za]",
      "ExecutedDateTime": "2025-11-28T10:43:39.656635+07:00"
    },
    {
      "Query": "za",
      "ExecutedDateTime": "2025-11-28T10:43:41.6126437+07:00"
    },
    {
      "Query": "chatgpt.com",
      "ExecutedDateTime": "2025-11-28T10:47:55.1891797+07:00"
    },
    {
      "Query": "what\u0027s a PIN",
      "ExecutedDateTime": "2025-11-28T10:48:49.1101993+07:00"
    },
    {
      "Query": "gg what\u0027s a PIN",
      "ExecutedDateTime": "2025-11-28T10:48:55.0643069+07:00"
    },
    {
      "Query": "gg top lightess browser in term of memory usage",
      "ExecutedDateTime": "2025-11-28T11:13:38.218744+07:00"
    },
    {
      "Query": "gg url vs uri",
      "ExecutedDateTime": "2025-11-28T11:24:46.0000242+07:00"
    },
    {
      "Query": "yt nh\u1EA1c c\u1ED5 phong remix",
      "ExecutedDateTime": "2025-11-28T11:46:49.0845748+07:00"
    },
    {
      "Query": "gg timer",
      "ExecutedDateTime": "2025-11-28T11:47:16.6899036+07:00"
    },
    {
      "Query": "za",
      "ExecutedDateTime": "2025-11-28T11:47:44.9094417+07:00"
    },
    {
      "Query": "24/3",
      "ExecutedDateTime": "2025-11-28T11:50:00.2101091+07:00"
    },
    {
      "Query": "notepad",
      "ExecutedDateTime": "2025-11-28T11:57:35.739118+07:00"
    },
    {
      "Query": "gg what\u0027s GC in \u0022Performance basics (GC, memory)\u0022 in term of game engine",
      "ExecutedDateTime": "2025-11-28T12:09:21.8178055+07:00"
    },
    {
      "Query": "za",
      "ExecutedDateTime": "2025-11-28T12:42:24.9290511+07:00"
    },
    {
      "Query": "gg l\u01B0\u01A1ng circleK bao nhi\u00EAu 1 ng\u00E0y",
      "ExecutedDateTime": "2025-11-28T12:44:38.3361342+07:00"
    },
    {
      "Query": "dis",
      "ExecutedDateTime": "2025-11-28T12:47:17.8012755+07:00"
    },
    {
      "Query": "35\u002B10",
      "ExecutedDateTime": "2025-11-28T12:56:07.1532726+07:00"
    },
    {
      "Query": "45/2",
      "ExecutedDateTime": "2025-11-28T12:56:08.9445894+07:00"
    },
    {
      "Query": "gg list me the topics of tools in term of programming",
      "ExecutedDateTime": "2025-11-28T13:03:10.4734369+07:00"
    },
    {
      "Query": "35\u002B10",
      "ExecutedDateTime": "2025-11-28T13:07:46.7530105+07:00"
    },
    {
      "Query": "45/2",
      "ExecutedDateTime": "2025-11-28T13:07:48.3111754+07:00"
    },
    {
      "Query": "25-9",
      "ExecutedDateTime": "2025-11-28T13:23:06.6762321+07:00"
    },
    {
      "Query": "za",
      "ExecutedDateTime": "2025-11-28T13:29:02.6559653+07:00"
    },
    {
      "Query": "gg does _Bool is a declaration syntax for boolean in C",
      "ExecutedDateTime": "2025-11-28T13:32:17.8949822+07:00"
    },
    {
      "Query": "code",
      "ExecutedDateTime": "2025-11-28T13:37:37.8079315+07:00"
    },
    {
      "Query": "gg what\u0027re gcc in mingw and tdm-gcc",
      "ExecutedDateTime": "2025-11-28T13:45:12.1685539+07:00"
    },
    {
      "Query": "gcc scoop.sh",
      "ExecutedDateTime": "2025-11-28T13:46:12.4493038+07:00"
    },
    {
      "Query": "gg can I install gcc using scoop",
      "ExecutedDateTime": "2025-11-28T13:46:39.5875923+07:00"
    },
    {
      "Query": "ter",
      "ExecutedDateTime": "2025-11-28T13:47:09.2044201+07:00"
    },
    {
      "Query": "gg why does I can run gcc on windows when I install it using scoop.sh?",
      "ExecutedDateTime": "2025-11-28T13:48:08.6062297+07:00"
    },
    {
      "Query": "code",
      "ExecutedDateTime": "2025-11-28T13:53:43.8301738+07:00"
    },
    {
      "Query": "gg explain this text: Relaunch using the Developer Command Prompt for VS You are using a Windows machine with the MSVC compiler, so you need to start VS Code from the Developer Command Prompt for VS for all environment variables to be set correctly. To relaunch using the Developer Command Prompt for VS:  Open the Developer Command Prompt for VS by typing \u0022developer\u0022 in the Windows Start menu. Select the Developer Command Prompt for VS, which will automatically navigate to your current open folder.  Type \u0022code\u0022 into the command prompt and hit enter. This should relaunch VS Code and take you back to this walkthrough.",
      "ExecutedDateTime": "2025-11-28T13:55:47.4564153+07:00"
    },
    {
      "Query": "gg \u0022\u0111\u1EC1 b\u00E0i\u0022 ti\u1EBFng anh g\u1ECDi l\u00E0 g\u00EC",
      "ExecutedDateTime": "2025-11-28T14:12:18.9943056+07:00"
    },
    {
      "Query": "gg timer",
      "ExecutedDateTime": "2025-11-28T14:26:17.7192527+07:00"
    },
    {
      "Query": "code",
      "ExecutedDateTime": "2025-11-28T14:26:28.5769197+07:00"
    },
    {
      "Query": "gg what\u0027s a static file in term of software dev",
      "ExecutedDateTime": "2025-11-28T14:32:08.0203541+07:00"
    },
    {
      "Query": "npm",
      "ExecutedDateTime": "2025-11-28T14:33:27.311719+07:00"
    },
    {
      "Query": "gg do I need to reload web page everytime I change codes when I\u0027m running \u0060npx serve\u0060?",
      "ExecutedDateTime": "2025-11-28T14:38:23.4308566+07:00"
    },
    {
      "Query": "\u003E ipconfig",
      "ExecutedDateTime": "2025-11-28T14:54:22.8526604+07:00"
    },
    {
      "Query": "cmd",
      "ExecutedDateTime": "2025-11-28T14:54:27.6439299+07:00"
    },
    {
      "Query": "gg timer",
      "ExecutedDateTime": "2025-11-28T15:06:20.2660591+07:00"
    },
    {
      "Query": "gg what does \u0022thx\u0022 stand for",
      "ExecutedDateTime": "2025-11-28T15:06:49.7362459+07:00"
    },
    {
      "Query": "obsidian",
      "ExecutedDateTime": "2025-11-28T15:09:25.8035616+07:00"
    },
    {
      "Query": "\u0022jot down\u0022 translate",
      "ExecutedDateTime": "2025-11-28T15:12:44.6550999+07:00"
    },
    {
      "Query": "phone",
      "ExecutedDateTime": "2025-11-28T15:14:26.9453149+07:00"
    },
    {
      "Query": "s",
      "ExecutedDateTime": "2025-11-28T15:19:20.1258961+07:00"
    },
    {
      "Query": "kee",
      "ExecutedDateTime": "2025-11-28T15:48:29.2254329+07:00"
    },
    {
      "Query": "gg google logo favicon",
      "ExecutedDateTime": "2025-11-28T15:49:53.4389614+07:00"
    },
    {
      "Query": "google.com",
      "ExecutedDateTime": "2025-11-28T15:51:55.6323139+07:00"
    },
    {
      "Query": "za",
      "ExecutedDateTime": "2025-11-28T15:55:12.1878363+07:00"
    },
    {
      "Query": "launcher",
      "ExecutedDateTime": "2025-11-28T16:23:57.2488523+07:00"
    },
    {
      "Query": "gg how to increase the loading distance of the server (aternos) but also keep it optimized",
      "ExecutedDateTime": "2025-11-28T16:30:05.1587407+07:00"
    },
    {
      "Query": "gg what\u0027s the simulation distance in MC server",
      "ExecutedDateTime": "2025-11-28T16:31:34.7250295+07:00"
    },
    {
      "Query": "how to increase the loading distance of the server (aternos) but also keep it optimized and playable",
      "ExecutedDateTime": "2025-11-28T16:37:17.8125697+07:00"
    },
    {
      "Query": "gg how to increase the loading distance of the server (aternos) but also keep it optimized and playable",
      "ExecutedDateTime": "2025-11-28T16:37:28.2159924+07:00"
    },
    {
      "Query": "aternos.org/servers",
      "ExecutedDateTime": "2025-11-28T16:40:00.3023701+07:00"
    },
    {
      "Query": "gg what\u0027s the default recommend view distance in aternos server",
      "ExecutedDateTime": "2025-11-28T16:41:15.7911501+07:00"
    },
    {
      "Query": "za",
      "ExecutedDateTime": "2025-11-28T19:00:26.5052806+07:00"
    },
    {
      "Query": "ob",
      "ExecutedDateTime": "2025-11-28T19:01:43.3097722+07:00"
    },
    {
      "Query": "yt study at night",
      "ExecutedDateTime": "2025-11-28T19:02:03.4279449+07:00"
    },
    {
      "Query": "gg timer",
      "ExecutedDateTime": "2025-11-28T19:02:21.5812372+07:00"
    },
    {
      "Query": "za",
      "ExecutedDateTime": "2025-11-28T19:19:22.7565177+07:00"
    },
    {
      "Query": "phon",
      "ExecutedDateTime": "2025-11-28T19:19:34.3967745+07:00"
    },
    {
      "Query": "903-808",
      "ExecutedDateTime": "2025-11-28T19:25:52.5324157+07:00"
    },
    {
      "Query": "95\u002B1710",
      "ExecutedDateTime": "2025-11-28T19:27:56.5592999+07:00"
    },
    {
      "Query": "chatgpt.com",
      "ExecutedDateTime": "2025-11-28T19:29:36.9335408+07:00"
    },
    {
      "Query": "1551/30",
      "ExecutedDateTime": "2025-11-28T19:32:19.7748763+07:00"
    },
    {
      "Query": "za",
      "ExecutedDateTime": "2025-11-28T19:58:57.9354101+07:00"
    },
    {
      "Query": "pinterest.com",
      "ExecutedDateTime": "2025-11-29T06:21:42.4906221+07:00"
    },
    {
      "Query": "phon",
      "ExecutedDateTime": "2025-11-29T06:22:37.1070515+07:00"
    },
    {
      "Query": "john",
      "ExecutedDateTime": "2025-11-29T06:35:34.7268151+07:00"
    },
    {
      "Query": "ob",
      "ExecutedDateTime": "2025-11-29T06:49:15.6145333+07:00"
    },
    {
      "Query": "gg turn this title into something similar to \u0022computer science\u0022: \u0022Programming \u0026 Game Development Foundations Roadmap\u0022",
      "ExecutedDateTime": "2025-11-29T06:49:54.4508176+07:00"
    },
    {
      "Query": "gg c\u00FAng m\u1EE5 bao nhi\u00EAu ch\u00E9n ch\u00E8",
      "ExecutedDateTime": "2025-11-29T06:52:04.0323771+07:00"
    },
    {
      "Query": "launcher",
      "ExecutedDateTime": "2025-11-29T07:44:58.1877224+07:00"
    },
    {
      "Query": "za",
      "ExecutedDateTime": "2025-11-29T10:29:31.5926599+07:00"
    },
    {
      "Query": "code",
      "ExecutedDateTime": "2025-11-29T10:32:08.2257763+07:00"
    },
    {
      "Query": "gg what\u0027s the best programming language I should get started",
      "ExecutedDateTime": "2025-11-29T10:34:49.1136895+07:00"
    },
    {
      "Query": "gg type of print function in C",
      "ExecutedDateTime": "2025-11-29T10:45:49.0891567+07:00"
    },
    {
      "Query": "gg how can I read single character input in C",
      "ExecutedDateTime": "2025-11-29T10:51:03.2564207+07:00"
    },
    {
      "Query": "gg how to print a sum in C",
      "ExecutedDateTime": "2025-11-29T10:52:24.0920081+07:00"
    },
    {
      "Query": "gg C c\u00F3 c\u00FA ph\u00E1p to\u00E1n t\u1EED 3 ng\u00F4i kh\u00F4ng",
      "ExecutedDateTime": "2025-11-29T11:18:44.0062254+07:00"
    },
    {
      "Query": "gg what\u0027s the _Bool syntax in C",
      "ExecutedDateTime": "2025-11-29T11:21:49.0642812+07:00"
    },
    {
      "Query": "za",
      "ExecutedDateTime": "2025-11-29T11:26:53.8108774+07:00"
    },
    {
      "Query": "gg what\u0027s odd number",
      "ExecutedDateTime": "2025-11-29T11:31:47.4288707+07:00"
    },
    {
      "Query": "za",
      "ExecutedDateTime": "2025-11-29T11:40:19.5711764+07:00"
    },
    {
      "Query": "gg list and array in JS",
      "ExecutedDateTime": "2025-11-29T12:02:53.7935825+07:00"
    },
    {
      "Query": "za",
      "ExecutedDateTime": "2025-11-29T12:03:42.0634438+07:00"
    },
    {
      "Query": "gg how to initialize an array in C",
      "ExecutedDateTime": "2025-11-29T12:10:37.0870406+07:00"
    },
    {
      "Query": "gg can I use Unity with C",
      "ExecutedDateTime": "2025-11-29T12:14:12.7641308+07:00"
    },
    {
      "Query": "gg where can I see the chart of the usage of the programming languages over the world?",
      "ExecutedDateTime": "2025-11-29T12:16:39.0761143+07:00"
    },
    {
      "Query": "gg can I setup my phone as a remote mouse? answer simply, thx",
      "ExecutedDateTime": "2025-11-29T13:15:18.0707558+07:00"
    },
    {
      "Query": "remote",
      "ExecutedDateTime": "2025-11-29T13:19:15.8213132+07:00"
    },
    {
      "Query": "launch",
      "ExecutedDateTime": "2025-11-29T13:21:34.5065168+07:00"
    },
    {
      "Query": "aternos.org/servers",
      "ExecutedDateTime": "2025-11-29T13:22:22.9337518+07:00"
    },
    {
      "Query": "gg mining strategy in minecraft",
      "ExecutedDateTime": "2025-11-29T13:59:01.1759262+07:00"
    },
    {
      "Query": "yt branch mining",
      "ExecutedDateTime": "2025-11-29T14:01:25.1139854+07:00"
    },
    {
      "Query": "gg creeper n\u1ED5 c\u00F3 h\u01B0 h\u1EBFt v\u1EADt ph\u1EA9m kh\u00F4ng",
      "ExecutedDateTime": "2025-11-29T14:37:01.7947787+07:00"
    },
    {
      "Query": "za",
      "ExecutedDateTime": "2025-11-29T14:49:48.5814507+07:00"
    },
    {
      "Query": "control",
      "ExecutedDateTime": "2025-11-29T14:51:28.2169824+07:00"
    },
    {
      "Query": "s bit lo",
      "ExecutedDateTime": "2025-11-29T14:51:58.7041697+07:00"
    },
    {
      "Query": "ter",
      "ExecutedDateTime": "2025-11-29T14:59:52.8615056+07:00"
    },
    {
      "Query": "gg how to enable system fast startup",
      "ExecutedDateTime": "2025-11-29T15:11:14.1246181+07:00"
    },
    {
      "Query": "control",
      "ExecutedDateTime": "2025-11-29T15:11:22.5609918+07:00"
    },
    {
      "Query": "ob",
      "ExecutedDateTime": "2025-11-30T08:35:54.6634655+07:00"
    },
    {
      "Query": "saving plan",
      "ExecutedDateTime": "2025-11-30T08:37:00.9521721+07:00"
    },
    {
      "Query": "gg why can\u0027t I edit a xlsx file on mobile?",
      "ExecutedDateTime": "2025-11-30T08:39:00.8003461+07:00"
    },
    {
      "Query": "19-5",
      "ExecutedDateTime": "2025-11-30T08:41:26.1324218+07:00"
    },
    {
      "Query": "7*24",
      "ExecutedDateTime": "2025-11-30T08:41:31.1767661+07:00"
    },
    {
      "Query": "(125\u002B145\u002B125\u002B150\u002B146\u002B168)/6",
      "ExecutedDateTime": "2025-11-30T08:42:06.9948082+07:00"
    },
    {
      "Query": "(125\u002B145\u002B125\u002B150\u002B146\u002B168\u002B143)",
      "ExecutedDateTime": "2025-11-30T08:42:21.0095268+07:00"
    },
    {
      "Query": "1002-70",
      "ExecutedDateTime": "2025-11-30T08:50:17.5148074+07:00"
    },
    {
      "Query": "gg timer",
      "ExecutedDateTime": "2025-11-30T08:53:55.6280036+07:00"
    },
    {
      "Query": "za",
      "ExecutedDateTime": "2025-11-30T08:54:14.7208562+07:00"
    },
    {
      "Query": "shopee.vn",
      "ExecutedDateTime": "2025-11-30T08:54:18.9851585+07:00"
    },
    {
      "Query": "za",
      "ExecutedDateTime": "2025-11-30T08:54:31.5208993+07:00"
    },
    {
      "Query": "gg kensington lock l\u00E0 g\u00EC",
      "ExecutedDateTime": "2025-11-30T08:55:46.212428+07:00"
    },
    {
      "Query": "gg outfit m\u00F9a \u0111\u00F4ng h\u00E0n qu\u1ED1c",
      "ExecutedDateTime": "2025-11-30T09:05:02.9602741+07:00"
    },
    {
      "Query": "gg c\u00E1c lo\u1EA1i mi\u1EBFng d\u00E1n m\u00E0n h\u00ECnh",
      "ExecutedDateTime": "2025-11-30T09:08:57.7293268+07:00"
    },
    {
      "Query": "mi\u1EBFng d\u00E1n pff",
      "ExecutedDateTime": "2025-11-30T09:09:51.4405234+07:00"
    },
    {
      "Query": "gg mi\u1EBFng d\u00E1n pff",
      "ExecutedDateTime": "2025-11-30T09:10:25.6839092+07:00"
    },
    {
      "Query": "gg mi\u1EBFng d\u00E1n c\u01B0\u1EDDng l\u1EF1c oppo a77s",
      "ExecutedDateTime": "2025-11-30T09:11:09.5532087+07:00"
    },
    {
      "Query": "chrome",
      "ExecutedDateTime": "2025-11-30T09:11:16.5074507+07:00"
    },
    {
      "Query": "gg timer",
      "ExecutedDateTime": "2025-11-30T09:11:28.8910106+07:00"
    },
    {
      "Query": "150\u002B35",
      "ExecutedDateTime": "2025-11-30T09:14:08.4349443+07:00"
    },
    {
      "Query": "185/2",
      "ExecutedDateTime": "2025-11-30T09:14:09.9569419+07:00"
    },
    {
      "Query": "za",
      "ExecutedDateTime": "2025-11-30T09:15:12.665672+07:00"
    },
    {
      "Query": "gg can bedrock version play a minecraft server that have a map mod?",
      "ExecutedDateTime": "2025-11-30T09:17:37.8311014+07:00"
    },
    {
      "Query": "332/10",
      "ExecutedDateTime": "2025-11-30T09:36:43.9586343+07:00"
    },
    {
      "Query": "b trans",
      "ExecutedDateTime": "2025-11-30T10:08:01.0474053+07:00"
    },
    {
      "Query": "notepad",
      "ExecutedDateTime": "2025-11-30T10:12:57.7720605+07:00"
    },
    {
      "Query": "chrome",
      "ExecutedDateTime": "2025-11-30T10:13:05.9068663+07:00"
    },
    {
      "Query": "ob",
      "ExecutedDateTime": "2025-11-30T12:54:28.6002928+07:00"
    },
    {
      "Query": "chrome",
      "ExecutedDateTime": "2025-11-30T12:55:41.5055499+07:00"
    },
    {
      "Query": "gg when should i taking note of a book when I read it",
      "ExecutedDateTime": "2025-11-30T12:56:27.2270181+07:00"
    },
    {
      "Query": "the hanoi chamomile review s\u00E1ch",
      "ExecutedDateTime": "2025-11-30T12:58:30.6304491+07:00"
    },
    {
      "Query": "gg timer",
      "ExecutedDateTime": "2025-11-30T13:01:45.5839199+07:00"
    },
    {
      "Query": "dis",
      "ExecutedDateTime": "2025-11-30T13:14:24.8506331+07:00"
    },
    {
      "Query": "ob",
      "ExecutedDateTime": "2025-11-30T13:52:46.5324933+07:00"
    },
    {
      "Query": "ter",
      "ExecutedDateTime": "2025-11-30T13:52:49.669119+07:00"
    },
    {
      "Query": "gg how can I use tree command in powershell to list storage\u0027s hierachy in the depth of 2 levels?",
      "ExecutedDateTime": "2025-11-30T13:53:44.6302129+07:00"
    },
    {
      "Query": "code",
      "ExecutedDateTime": "2025-11-30T14:06:31.6638902+07:00"
    },
    {
      "Query": "gg i\u0027m designing a stack using array in C, what\u0027s the max size I should use for example exercise",
      "ExecutedDateTime": "2025-11-30T14:15:44.0780339+07:00"
    },
    {
      "Query": "gg khi kinh doanh, v\u00ED d\u1EE5 nh\u01B0 xe c\u00E0 ph\u00EA mang \u0111i, th\u00EC n\u1EBFu ng\u01B0\u1EDDi ta c\u00F3 h\u1ECFi t\u00F4i v\u1EC1 vi\u1EC7c b\u1EA1n \u0111\u1EB7t chi\u1EBFc xe c\u00E0 ph\u00EA \u1EDF \u0111\u00E2u v\u1EADy (h\u1ECD c\u0169ng mu\u1ED1n kinh doanh), t\u00F4i c\u00F3 n\u00EAn ch\u1EC9 h\u1ECD kh\u00F4ng",
      "ExecutedDateTime": "2025-11-30T14:18:15.3064058+07:00"
    },
    {
      "Query": "gg what\u0027s overflow of stack in C",
      "ExecutedDateTime": "2025-11-30T14:22:40.9786419+07:00"
    },
    {
      "Query": "gg what\u0027s underflow in C",
      "ExecutedDateTime": "2025-11-30T14:26:05.5350955+07:00"
    },
    {
      "Query": "gg does a function stop when I run return statement in C",
      "ExecutedDateTime": "2025-11-30T14:28:52.7783908+07:00"
    },
    {
      "Query": "gg what\u0027s size_t in C",
      "ExecutedDateTime": "2025-11-30T14:34:58.9141425+07:00"
    },
    {
      "Query": "s blinking",
      "ExecutedDateTime": "2025-11-30T14:38:04.1848564+07:00"
    },
    {
      "Query": "gg what does an assignment statement return in C",
      "ExecutedDateTime": "2025-11-30T14:40:00.4722892+07:00"
    },
    {
      "Query": "yt parasite anime end",
      "ExecutedDateTime": "2025-11-30T14:44:37.1944837+07:00"
    },
    {
      "Query": "gg t\u00F4i c\u00F3 th\u1EC3 b\u1EA3o h\u00E0nh xe \u1EDF HEAD khi t\u00F4i mua \u1EDF c\u1EEDa h\u00E0ng nh\u1ECF l\u1EBB kh\u00E1c kh\u00F4ng",
      "ExecutedDateTime": "2025-11-30T15:06:38.8289335+07:00"
    },
    {
      "Query": "zalo",
      "ExecutedDateTime": "2025-11-30T15:08:57.2376896+07:00"
    },
    {
      "Query": "gg what\u0027re the best advertisement service on the Internet",
      "ExecutedDateTime": "2025-11-30T15:14:06.3019711+07:00"
    },
    {
      "Query": "gg khi ng\u01B0\u1EDDi d\u00F9ng \u1EA5n v\u00E0o qu\u1EA3ng c\u00E1o google c\u1EE7a t\u00F4i v\u00E0 d\u1EABn \u0111\u1EBFn s\u1ED1 \u0111i\u1EC7n tho\u1EA1i c\u1EE7a t\u00F4i th\u00EC t\u00F4i c\u00F3 b\u1ECB m\u1EA5t ph\u00ED kh\u00F4ng",
      "ExecutedDateTime": "2025-11-30T15:17:50.7339567+07:00"
    },
    {
      "Query": "gg about the search theme keywords in google ads, should i use vietnamese",
      "ExecutedDateTime": "2025-11-30T15:23:07.6142703+07:00"
    },
    {
      "Query": "gg turn html code to image",
      "ExecutedDateTime": "2025-11-30T15:33:16.3651824+07:00"
    },
    {
      "Query": "gg postal code t\u1EC9nh \u0111\u1ED3ng th\u00E1p",
      "ExecutedDateTime": "2025-11-30T15:53:14.3685375+07:00"
    },
    {
      "Query": "gg why does google ads create the profile so long",
      "ExecutedDateTime": "2025-11-30T16:02:36.9824476+07:00"
    },
    {
      "Query": "gg submitting google ads campaign take too long",
      "ExecutedDateTime": "2025-11-30T18:15:51.8100447+07:00"
    },
    {
      "Query": "notepad",
      "ExecutedDateTime": "2025-11-30T18:17:25.1745369+07:00"
    },
    {
      "Query": "quick",
      "ExecutedDateTime": "2025-11-30T18:47:25.1779848+07:00"
    },
    {
      "Query": "zalo",
      "ExecutedDateTime": "2025-11-30T19:07:00.9931157+07:00"
    },
    {
      "Query": "kee",
      "ExecutedDateTime": "2025-11-30T19:13:56.3644185+07:00"
    },
    {
      "Query": "za",
      "ExecutedDateTime": "2025-11-30T19:24:35.8452489+07:00"
    },
    {
      "Query": "gg \u0111\u1ED3ng th\u00E1p postal code",
      "ExecutedDateTime": "2025-11-30T19:32:42.1828968+07:00"
    },
    {
      "Query": "gg how to withdraw money from google ads",
      "ExecutedDateTime": "2025-11-30T19:35:44.1502872+07:00"
    }
  ]
}