{
  "Items": [
    {
      "Query": "gg type c to jack 3.5 wire",
      "ExecutedDateTime": "2025-12-17T21:46:37.0549204+07:00"
    },
    {
      "Query": "za",
      "ExecutedDateTime": "2025-12-17T21:50:31.2037148+07:00"
    },
    {
      "Query": "code",
      "ExecutedDateTime": "2025-12-17T21:55:22.2541077+07:00"
    },
    {
      "Query": "codeforces",
      "ExecutedDateTime": "2025-12-17T21:55:26.6725557+07:00"
    },
    {
      "Query": "ke",
      "ExecutedDateTime": "2025-12-17T21:56:03.9110092+07:00"
    },
    {
      "Query": "gg what\u0027s brute force",
      "ExecutedDateTime": "2025-12-17T21:58:32.6871977+07:00"
    },
    {
      "Query": "gg what\u0027s bsc cs?",
      "ExecutedDateTime": "2025-12-17T21:59:48.3324104+07:00"
    },
    {
      "Query": "za",
      "ExecutedDateTime": "2025-12-18T15:53:36.2714087+07:00"
    },
    {
      "Query": "d",
      "ExecutedDateTime": "2025-12-18T15:53:41.038129+07:00"
    },
    {
      "Query": "za",
      "ExecutedDateTime": "2025-12-18T16:08:23.6295944+07:00"
    },
    {
      "Query": "ob",
      "ExecutedDateTime": "2025-12-18T16:11:35.7514245+07:00"
    },
    {
      "Query": "calendar.google.com",
      "ExecutedDateTime": "2025-12-18T16:20:11.9366207+07:00"
    },
    {
      "Query": "chatgpt.com",
      "ExecutedDateTime": "2025-12-18T16:23:02.9666783+07:00"
    },
    {
      "Query": "gg timer",
      "ExecutedDateTime": "2025-12-18T16:36:43.7263885+07:00"
    },
    {
      "Query": "what\u0027s wizard of oz",
      "ExecutedDateTime": "2025-12-18T16:40:20.7706157+07:00"
    },
    {
      "Query": "gg what\u0027s wizard of oz",
      "ExecutedDateTime": "2025-12-18T16:40:25.7567048+07:00"
    },
    {
      "Query": "dis",
      "ExecutedDateTime": "2025-12-18T16:42:22.7271664+07:00"
    },
    {
      "Query": "gg can I play music inside DM in discord",
      "ExecutedDateTime": "2025-12-18T16:47:39.687047+07:00"
    },
    {
      "Query": "gg timer",
      "ExecutedDateTime": "2025-12-18T16:49:54.3595805+07:00"
    },
    {
      "Query": "ke",
      "ExecutedDateTime": "2025-12-18T16:52:16.7060698+07:00"
    },
    {
      "Query": "gg how to set up a discord bot to play music",
      "ExecutedDateTime": "2025-12-18T16:57:35.7795311+07:00"
    },
    {
      "Query": "gg top music bot on discord",
      "ExecutedDateTime": "2025-12-18T16:59:00.0085129+07:00"
    },
    {
      "Query": "yt nh\u1EA1c c\u1ED5 phong remix",
      "ExecutedDateTime": "2025-12-18T17:03:42.6848667+07:00"
    },
    {
      "Query": "gg what\u0027s the free music discord bot that support YouTube?",
      "ExecutedDateTime": "2025-12-18T17:04:35.5722503+07:00"
    },
    {
      "Query": "gg how to remove a bot from discord server",
      "ExecutedDateTime": "2025-12-18T17:06:04.7648447+07:00"
    },
    {
      "Query": "saving",
      "ExecutedDateTime": "2025-12-18T17:24:08.1428808+07:00"
    },
    {
      "Query": "note",
      "ExecutedDateTime": "2025-12-18T17:26:39.1091215+07:00"
    },
    {
      "Query": "ob",
      "ExecutedDateTime": "2025-12-18T17:28:49.2452601+07:00"
    },
    {
      "Query": "gg timer",
      "ExecutedDateTime": "2025-12-18T17:30:10.4094166+07:00"
    },
    {
      "Query": "yt lofi girl",
      "ExecutedDateTime": "2025-12-18T17:30:28.9124732+07:00"
    },
    {
      "Query": "chatgpt.com",
      "ExecutedDateTime": "2025-12-18T17:34:38.251859+07:00"
    },
    {
      "Query": "za",
      "ExecutedDateTime": "2025-12-18T17:35:11.1432988+07:00"
    },
    {
      "Query": "chatgpt.com",
      "ExecutedDateTime": "2025-12-18T17:36:10.7263214+07:00"
    },
    {
      "Query": "s apps",
      "ExecutedDateTime": "2025-12-18T17:36:41.581716+07:00"
    },
    {
      "Query": "command p",
      "ExecutedDateTime": "2025-12-18T17:37:04.0269225+07:00"
    },
    {
      "Query": "movies",
      "ExecutedDateTime": "2025-12-18T17:38:49.7364185+07:00"
    },
    {
      "Query": "ex",
      "ExecutedDateTime": "2025-12-18T17:42:08.2983134+07:00"
    },
    {
      "Query": "gg m\u00E8o m\u1EA3 g\u00E0 \u0111\u1ED3ng l\u00E0 g\u00EC",
      "ExecutedDateTime": "2025-12-18T17:46:21.9833094+07:00"
    },
    {
      "Query": "yt pantheon phonk",
      "ExecutedDateTime": "2025-12-18T17:47:32.7231451+07:00"
    },
    {
      "Query": "code",
      "ExecutedDateTime": "2025-12-18T18:37:30.5013114+07:00"
    },
    {
      "Query": "ke",
      "ExecutedDateTime": "2025-12-18T18:38:23.5055647+07:00"
    },
    {
      "Query": "gg why do i have to use \u0060int main\u0060 in C\u002B\u002B instead of \u0060void main\u0060",
      "ExecutedDateTime": "2025-12-18T18:46:54.0794555+07:00"
    },
    {
      "Query": "gg c\u002B\u002B naming convention",
      "ExecutedDateTime": "2025-12-18T18:52:39.7434066+07:00"
    },
    {
      "Query": "vs",
      "ExecutedDateTime": "2025-12-18T19:05:59.4909241+07:00"
    },
    {
      "Query": "codeforces.com",
      "ExecutedDateTime": "2025-12-18T19:06:08.2150116+07:00"
    },
    {
      "Query": "gg how does ranking system in codeforces work",
      "ExecutedDateTime": "2025-12-18T19:10:11.4715895+07:00"
    },
    {
      "Query": "za",
      "ExecutedDateTime": "2025-12-19T12:06:01.883607+07:00"
    },
    {
      "Query": "ob",
      "ExecutedDateTime": "2025-12-19T12:06:08.2093198+07:00"
    },
    {
      "Query": "gg timer",
      "ExecutedDateTime": "2025-12-19T12:06:14.5693656+07:00"
    },
    {
      "Query": "di",
      "ExecutedDateTime": "2025-12-19T12:09:17.5538983+07:00"
    },
    {
      "Query": "chatgpt.com",
      "ExecutedDateTime": "2025-12-19T12:13:40.9324927+07:00"
    },
    {
      "Query": "s night",
      "ExecutedDateTime": "2025-12-19T12:14:12.6603433+07:00"
    },
    {
      "Query": "gg timer",
      "ExecutedDateTime": "2025-12-19T12:14:18.7270715+07:00"
    },
    {
      "Query": "quic",
      "ExecutedDateTime": "2025-12-19T12:29:53.7392437+07:00"
    },
    {
      "Query": "za",
      "ExecutedDateTime": "2025-12-19T12:46:59.2784955+07:00"
    },
    {
      "Query": "gg what\u0027s Ctrl\u002Bo in neovim",
      "ExecutedDateTime": "2025-12-19T13:01:06.559688+07:00"
    },
    {
      "Query": "gg trend ng\u1EF1a v\u1EEBa kh\u00F3c v\u1EEBa l\u00E0m",
      "ExecutedDateTime": "2025-12-19T13:52:09.8560475+07:00"
    },
    {
      "Query": "gg ion engine",
      "ExecutedDateTime": "2025-12-19T13:57:10.0935084+07:00"
    },
    {
      "Query": "gg c\u00F4ng th\u1EE9c t\u00EDnh l\u1EF1c \u0111\u1EA9y c\u1EE7a \u0111\u1ED9ng c\u01A1 ion",
      "ExecutedDateTime": "2025-12-19T14:04:09.6428971+07:00"
    },
    {
      "Query": "za",
      "ExecutedDateTime": "2025-12-19T14:40:38.4273722+07:00"
    },
    {
      "Query": "saving plan",
      "ExecutedDateTime": "2025-12-19T14:41:01.4629037+07:00"
    },
    {
      "Query": "274\u002B285",
      "ExecutedDateTime": "2025-12-19T14:44:26.3704935+07:00"
    },
    {
      "Query": "559/2",
      "ExecutedDateTime": "2025-12-19T14:44:28.205965+07:00"
    },
    {
      "Query": "saving plan",
      "ExecutedDateTime": "2025-12-19T14:46:46.2814119+07:00"
    },
    {
      "Query": "notepad",
      "ExecutedDateTime": "2025-12-19T14:59:44.7927832+07:00"
    },
    {
      "Query": "s mouse",
      "ExecutedDateTime": "2025-12-20T06:50:20.0338454+07:00"
    },
    {
      "Query": "gg which cloud storage service i should use as a programmer",
      "ExecutedDateTime": "2025-12-20T06:50:57.1825184+07:00"
    },
    {
      "Query": "gg timer",
      "ExecutedDateTime": "2025-12-20T06:52:14.40689+07:00"
    },
    {
      "Query": "gg 15$ to vnd",
      "ExecutedDateTime": "2025-12-20T06:55:32.2474843+07:00"
    },
    {
      "Query": "kee",
      "ExecutedDateTime": "2025-12-20T07:30:45.1223882+07:00"
    },
    {
      "Query": "qu",
      "ExecutedDateTime": "2025-12-20T07:35:00.7632301+07:00"
    },
    {
      "Query": "gg freewolf x7 mouse",
      "ExecutedDateTime": "2025-12-20T11:19:30.3795354+07:00"
    },
    {
      "Query": "za",
      "ExecutedDateTime": "2025-12-20T11:21:25.1166793+07:00"
    },
    {
      "Query": "ob",
      "ExecutedDateTime": "2025-12-20T11:30:38.0516234+07:00"
    },
    {
      "Query": "za",
      "ExecutedDateTime": "2025-12-20T12:34:37.9763546+07:00"
    },
    {
      "Query": "d",
      "ExecutedDateTime": "2025-12-20T12:40:33.6022053+07:00"
    },
    {
      "Query": "driv",
      "ExecutedDateTime": "2025-12-20T12:44:59.5376629+07:00"
    },
    {
      "Query": "ob",
      "ExecutedDateTime": "2025-12-20T12:45:49.8858858+07:00"
    },
    {
      "Query": "s",
      "ExecutedDateTime": "2025-12-20T12:58:58.9109204+07:00"
    },
    {
      "Query": "code",
      "ExecutedDateTime": "2025-12-20T13:00:16.2166257+07:00"
    },
    {
      "Query": "syncthinghidee",
      "ExecutedDateTime": "2025-12-20T13:01:44.7956188+07:00"
    },
    {
      "Query": "s star",
      "ExecutedDateTime": "2025-12-20T13:01:56.5209671+07:00"
    },
    {
      "Query": "ob",
      "ExecutedDateTime": "2025-12-20T13:11:02.0491041+07:00"
    },
    {
      "Query": "ter",
      "ExecutedDateTime": "2025-12-20T13:14:23.5348759+07:00"
    },
    {
      "Query": "s start",
      "ExecutedDateTime": "2025-12-20T13:14:31.3393672+07:00"
    },
    {
      "Query": "\u003E C:\\Users\\nmdex\\scoop\\apps\\syncthing\\current\\syncthing.exe",
      "ExecutedDateTime": "2025-12-20T13:15:44.5960343+07:00"
    },
    {
      "Query": "driv",
      "ExecutedDateTime": "2025-12-20T13:56:35.808416+07:00"
    },
    {
      "Query": "s star",
      "ExecutedDateTime": "2025-12-20T13:58:25.2300058+07:00"
    },
    {
      "Query": "code",
      "ExecutedDateTime": "2025-12-20T14:14:24.7480898+07:00"
    },
    {
      "Query": "s startup",
      "ExecutedDateTime": "2025-12-20T14:15:32.9733885+07:00"
    },
    {
      "Query": "gg kawasaki versys-x 300 wallpapers",
      "ExecutedDateTime": "2025-12-20T14:17:56.870631+07:00"
    },
    {
      "Query": "s back",
      "ExecutedDateTime": "2025-12-20T14:35:07.3224804+07:00"
    },
    {
      "Query": "one",
      "ExecutedDateTime": "2025-12-20T14:58:52.0579037+07:00"
    },
    {
      "Query": "yt pantheon phonk",
      "ExecutedDateTime": "2025-12-20T15:01:08.6835365+07:00"
    },
    {
      "Query": "s lock",
      "ExecutedDateTime": "2025-12-20T15:10:31.2375212+07:00"
    },
    {
      "Query": "ob",
      "ExecutedDateTime": "2025-12-20T15:13:05.1923271+07:00"
    },
    {
      "Query": "za",
      "ExecutedDateTime": "2025-12-20T15:23:50.0328419+07:00"
    },
    {
      "Query": "ob",
      "ExecutedDateTime": "2025-12-20T15:26:27.1468696+07:00"
    },
    {
      "Query": "dis",
      "ExecutedDateTime": "2025-12-21T09:41:38.979052+07:00"
    },
    {
      "Query": "cisco layer 3",
      "ExecutedDateTime": "2025-12-21T09:44:17.7168206+07:00"
    },
    {
      "Query": "gg hi\u1EC7n t\u1EA1i LoL c\u00F3 c\u00E1c s\u1EF1 ki\u1EC7n g\u00EC",
      "ExecutedDateTime": "2025-12-21T09:46:00.4044862+07:00"
    },
    {
      "Query": "za",
      "ExecutedDateTime": "2025-12-21T09:47:37.3138151+07:00"
    },
    {
      "Query": "code",
      "ExecutedDateTime": "2025-12-21T09:52:31.6415638+07:00"
    },
    {
      "Query": "savings plan.xlsx",
      "ExecutedDateTime": "2025-12-21T10:07:43.2812924+07:00"
    },
    {
      "Query": "quic",
      "ExecutedDateTime": "2025-12-21T10:20:07.628994+07:00"
    },
    {
      "Query": "chatgpt.com",
      "ExecutedDateTime": "2025-12-21T10:27:30.3829267+07:00"
    },
    {
      "Query": "ke",
      "ExecutedDateTime": "2025-12-21T10:37:16.9074583+07:00"
    },
    {
      "Query": "q",
      "ExecutedDateTime": "2025-12-21T10:47:33.6380923+07:00"
    },
    {
      "Query": "gg can windows open zip64 file?",
      "ExecutedDateTime": "2025-12-21T11:13:53.1439934+07:00"
    },
    {
      "Query": "savings",
      "ExecutedDateTime": "2025-12-21T11:17:13.3208112+07:00"
    },
    {
      "Query": "ke",
      "ExecutedDateTime": "2025-12-21T11:21:25.5572948+07:00"
    },
    {
      "Query": "za",
      "ExecutedDateTime": "2025-12-21T11:35:15.2321448+07:00"
    },
    {
      "Query": "yt h\u00E0 ti\u1EC1u phu",
      "ExecutedDateTime": "2025-12-21T11:57:54.3280033+07:00"
    },
    {
      "Query": "gg current URF events in LoL",
      "ExecutedDateTime": "2025-12-21T12:09:48.4594619+07:00"
    },
    {
      "Query": "gg \u1ED1p l\u01B0ng realme 15",
      "ExecutedDateTime": "2025-12-21T12:17:22.9095496+07:00"
    },
    {
      "Query": "gg t\u1EA3i lol",
      "ExecutedDateTime": "2025-12-21T12:17:34.0048552+07:00"
    },
    {
      "Query": "ob",
      "ExecutedDateTime": "2025-12-21T12:22:37.7123358+07:00"
    },
    {
      "Query": "chatgpt.com",
      "ExecutedDateTime": "2025-12-21T13:01:00.3820927+07:00"
    },
    {
      "Query": "za",
      "ExecutedDateTime": "2025-12-21T13:03:33.8677323+07:00"
    },
    {
      "Query": "gg what\u0027s wikidata",
      "ExecutedDateTime": "2025-12-21T13:07:52.3743234+07:00"
    },
    {
      "Query": "space search engine",
      "ExecutedDateTime": "2025-12-21T13:08:15.6728041+07:00"
    },
    {
      "Query": "internet archive",
      "ExecutedDateTime": "2025-12-21T13:09:31.0735137+07:00"
    },
    {
      "Query": "openstax",
      "ExecutedDateTime": "2025-12-21T13:10:48.9973814+07:00"
    },
    {
      "Query": "gg what\u0027s bluesky and mastodon",
      "ExecutedDateTime": "2025-12-21T13:11:21.7757856+07:00"
    },
    {
      "Query": "10000*12",
      "ExecutedDateTime": "2025-12-21T13:12:48.2133787+07:00"
    },
    {
      "Query": "Open Knowledge Foundation",
      "ExecutedDateTime": "2025-12-21T13:21:33.3398571+07:00"
    },
    {
      "Query": "ob",
      "ExecutedDateTime": "2025-12-21T13:22:34.2979956+07:00"
    },
    {
      "Query": "weather next week",
      "ExecutedDateTime": "2025-12-21T13:23:36.236766+07:00"
    },
    {
      "Query": "gg th\u1EDDi ti\u1EBFt ch\u1EE3 g\u1EA1o ti\u1EC1n giang 22/12/2025",
      "ExecutedDateTime": "2025-12-21T13:28:22.6036374+07:00"
    },
    {
      "Query": "gg 22/12, h\u00E0nh tr\u00ECnh t\u1EEB ti\u1EC1n giang =\u003E tp.hcm, cho t\u00F4i bi\u1EBFt th\u1EDDi ti\u1EBFt c\u00F3 \u1ED5n hay kh\u00F4ng",
      "ExecutedDateTime": "2025-12-21T13:31:14.0332631+07:00"
    },
    {
      "Query": "gg talk about https://www.opensourceecology.org/",
      "ExecutedDateTime": "2025-12-21T13:35:43.7027792+07:00"
    },
    {
      "Query": "Codeforces.com",
      "ExecutedDateTime": "2025-12-21T13:42:15.7830823+07:00"
    },
    {
      "Query": "mc laren",
      "ExecutedDateTime": "2025-12-21T13:46:23.8349972+07:00"
    },
    {
      "Query": "notepad",
      "ExecutedDateTime": "2025-12-21T13:50:06.237744+07:00"
    },
    {
      "Query": "note",
      "ExecutedDateTime": "2025-12-21T13:52:20.4609683+07:00"
    },
    {
      "Query": "gg qu\u1EF3 g\u1ED1i tr\u00EAn s\u1EA7u ri\u00EAng",
      "ExecutedDateTime": "2025-12-21T13:53:40.5686669+07:00"
    },
    {
      "Query": "control",
      "ExecutedDateTime": "2025-12-21T14:56:35.0589722+07:00"
    },
    {
      "Query": "one",
      "ExecutedDateTime": "2025-12-21T14:58:22.2467189+07:00"
    },
    {
      "Query": "ke",
      "ExecutedDateTime": "2025-12-21T15:00:53.8769239+07:00"
    },
    {
      "Query": "gg what\u0027s deduplicate file?",
      "ExecutedDateTime": "2025-12-21T15:19:52.340434+07:00"
    },
    {
      "Query": "cap",
      "ExecutedDateTime": "2025-12-21T15:25:29.5531031+07:00"
    },
    {
      "Query": "q",
      "ExecutedDateTime": "2025-12-21T15:28:28.4903719+07:00"
    },
    {
      "Query": "NirSoft BulkFileChanger",
      "ExecutedDateTime": "2025-12-21T15:44:52.3477922+07:00"
    },
    {
      "Query": "portable attri",
      "ExecutedDateTime": "2025-12-21T15:46:43.8839629+07:00"
    },
    {
      "Query": "C:\\Users\\nmdex\\Downloads\\Attribute Changer Portable\\",
      "ExecutedDateTime": "2025-12-21T15:48:21.0783568+07:00"
    },
    {
      "Query": "ke",
      "ExecutedDateTime": "2025-12-21T15:56:14.2537635+07:00"
    },
    {
      "Query": "ob",
      "ExecutedDateTime": "2025-12-21T15:57:25.1505413+07:00"
    },
    {
      "Query": "yt motorcycle motivation",
      "ExecutedDateTime": "2025-12-21T16:03:02.9224429+07:00"
    },
    {
      "Query": "maps",
      "ExecutedDateTime": "2025-12-21T16:06:27.1787678+07:00"
    },
    {
      "Query": "maps \u0111i ch\u1EE3 g\u1EA1o r\u1ED3i sang b\u1EBFn tre",
      "ExecutedDateTime": "2025-12-21T16:06:37.2777667+07:00"
    },
    {
      "Query": "quiv",
      "ExecutedDateTime": "2025-12-21T16:11:48.9880302+07:00"
    },
    {
      "Query": "qui",
      "ExecutedDateTime": "2025-12-21T16:11:52.2685454+07:00"
    },
    {
      "Query": "ob",
      "ExecutedDateTime": "2025-12-21T16:34:16.221522+07:00"
    },
    {
      "Query": "ter",
      "ExecutedDateTime": "2025-12-21T16:34:53.4884817+07:00"
    },
    {
      "Query": "ob",
      "ExecutedDateTime": "2025-12-21T16:37:00.4791136+07:00"
    },
    {
      "Query": "gg how can I rent a server and managing hosting myself?",
      "ExecutedDateTime": "2025-12-21T16:43:10.0153669+07:00"
    },
    {
      "Query": "za",
      "ExecutedDateTime": "2025-12-21T16:47:42.2197583+07:00"
    },
    {
      "Query": "\u003E ping duckduckgo.com",
      "ExecutedDateTime": "2025-12-21T16:57:19.3337172+07:00"
    },
    {
      "Query": "\u003E ping google.com",
      "ExecutedDateTime": "2025-12-21T16:57:29.1485307+07:00"
    },
    {
      "Query": "gg ng\u00E0nh c\u01A1 kh\u00ED ti\u1EBFng Anh g\u1ECDi l\u00E0 g\u00EC",
      "ExecutedDateTime": "2025-12-21T17:00:33.4681041+07:00"
    },
    {
      "Query": "control",
      "ExecutedDateTime": "2025-12-21T17:02:31.5449751+07:00"
    },
    {
      "Query": "gg avatar",
      "ExecutedDateTime": "2025-12-21T17:15:27.0700749+07:00"
    },
    {
      "Query": "gg toruk makto",
      "ExecutedDateTime": "2025-12-21T17:38:32.2555665+07:00"
    },
    {
      "Query": "gg thanator",
      "ExecutedDateTime": "2025-12-21T17:41:05.4846244+07:00"
    },
    {
      "Query": "gg why do human form intellegient",
      "ExecutedDateTime": "2025-12-21T18:00:33.5183568+07:00"
    },
    {
      "Query": "gg payakan",
      "ExecutedDateTime": "2025-12-21T18:03:01.2493275+07:00"
    },
    {
      "Query": "gg mangwan in avatar 3",
      "ExecutedDateTime": "2025-12-21T18:12:00.0490519+07:00"
    },
    {
      "Query": "gg what\u0027s the human guy of sully family in avatar",
      "ExecutedDateTime": "2025-12-21T18:30:28.7437567+07:00"
    },
    {
      "Query": "gg skimmwing",
      "ExecutedDateTime": "2025-12-21T20:10:04.2036312+07:00"
    },
    {
      "Query": "gg how does the ecosystem in Avatar movie work",
      "ExecutedDateTime": "2025-12-21T21:09:04.0171298+07:00"
    },
    {
      "Query": "gg watch avatar 3 free",
      "ExecutedDateTime": "2025-12-21T21:16:39.7709503+07:00"
    },
    {
      "Query": "saving plan",
      "ExecutedDateTime": "2025-12-22T07:50:58.4157403+07:00"
    },
    {
      "Query": "dis",
      "ExecutedDateTime": "2025-12-22T07:51:25.3322628+07:00"
    },
    {
      "Query": "gg timer",
      "ExecutedDateTime": "2025-12-22T07:56:19.5063608+07:00"
    },
    {
      "Query": "20-5",
      "ExecutedDateTime": "2025-12-22T07:57:23.5650997+07:00"
    },
    {
      "Query": "15/2",
      "ExecutedDateTime": "2025-12-22T07:57:25.3312093+07:00"
    },
    {
      "Query": "ke",
      "ExecutedDateTime": "2025-12-22T08:02:59.2118187+07:00"
    },
    {
      "Query": "ob",
      "ExecutedDateTime": "2025-12-22T08:06:35.6943589+07:00"
    },
    {
      "Query": "s star",
      "ExecutedDateTime": "2025-12-22T08:07:10.7771808+07:00"
    },
    {
      "Query": "o",
      "ExecutedDateTime": "2025-12-23T09:09:14.0875983+07:00"
    },
    {
      "Query": "za",
      "ExecutedDateTime": "2025-12-23T09:23:06.0428953+07:00"
    },
    {
      "Query": "gg xem the wild robot",
      "ExecutedDateTime": "2025-12-23T09:28:05.6008401+07:00"
    },
    {
      "Query": "gg the wild robot",
      "ExecutedDateTime": "2025-12-23T09:28:35.0672555+07:00"
    },
    {
      "Query": "yt how to use realme m2420e1 earbuds",
      "ExecutedDateTime": "2025-12-23T09:33:31.8179179+07:00"
    },
    {
      "Query": "gg how to use touch on realme earbuds",
      "ExecutedDateTime": "2025-12-23T09:36:41.2158001+07:00"
    },
    {
      "Query": "yt pantheon phonk",
      "ExecutedDateTime": "2025-12-23T12:14:53.9660097+07:00"
    },
    {
      "Query": "dis",
      "ExecutedDateTime": "2025-12-23T12:15:22.1525125+07:00"
    },
    {
      "Query": "chrome",
      "ExecutedDateTime": "2025-12-23T12:18:09.0880687+07:00"
    },
    {
      "Query": "ke",
      "ExecutedDateTime": "2025-12-23T12:19:50.5033024+07:00"
    },
    {
      "Query": "gg t\u00F4i c\u00F3 th\u1EC3 d\u00F9ng th\u1EBB JCB c\u1EE7a mb bank \u0111\u1EC3 r\u00FAt ti\u1EC1n \u1EDF n\u1EC1n t\u1EA3ng h\u1ED7 tr\u1EE3 visa v\u00E0 mastercard kh\u00F4ng",
      "ExecutedDateTime": "2025-12-23T12:24:20.8599524+07:00"
    },
    {
      "Query": "quic",
      "ExecutedDateTime": "2025-12-23T12:25:26.2075911+07:00"
    },
    {
      "Query": "q",
      "ExecutedDateTime": "2025-12-23T12:26:11.9123925+07:00"
    },
    {
      "Query": "za",
      "ExecutedDateTime": "2025-12-23T12:26:24.1536776+07:00"
    },
    {
      "Query": "d",
      "ExecutedDateTime": "2025-12-23T12:33:02.5863986+07:00"
    },
    {
      "Query": "obsidian",
      "ExecutedDateTime": "2025-12-23T12:33:51.6326432+07:00"
    },
    {
      "Query": "notepad",
      "ExecutedDateTime": "2025-12-23T12:41:00.0033334+07:00"
    },
    {
      "Query": "maintainance list",
      "ExecutedDateTime": "2025-12-23T13:01:03.073315+07:00"
    },
    {
      "Query": "za",
      "ExecutedDateTime": "2025-12-23T13:06:40.6117641+07:00"
    },
    {
      "Query": "notepad",
      "ExecutedDateTime": "2025-12-23T13:42:50.1644005+07:00"
    },
    {
      "Query": "maps ch\u00F9a ph\u00E1p hoa",
      "ExecutedDateTime": "2025-12-23T18:16:12.1969616+07:00"
    },
    {
      "Query": "code",
      "ExecutedDateTime": "2025-12-23T19:05:48.9818776+07:00"
    },
    {
      "Query": "gg what\u0027s linux sbc",
      "ExecutedDateTime": "2025-12-23T20:47:05.7951467+07:00"
    },
    {
      "Query": "ter",
      "ExecutedDateTime": "2025-12-23T20:51:02.2560868+07:00"
    },
    {
      "Query": "gg how to uninstall a pkg with npm",
      "ExecutedDateTime": "2025-12-23T20:53:39.0841353+07:00"
    },
    {
      "Query": "control",
      "ExecutedDateTime": "2025-12-23T20:55:48.7437964+07:00"
    },
    {
      "Query": "cap",
      "ExecutedDateTime": "2025-12-23T20:59:22.5744413+07:00"
    },
    {
      "Query": "za",
      "ExecutedDateTime": "2025-12-23T21:23:18.1148432+07:00"
    },
    {
      "Query": "gg what\u0027s talking head video type",
      "ExecutedDateTime": "2025-12-23T21:24:30.3975268+07:00"
    },
    {
      "Query": "gg gave me the powershell scripts that will list my computer\u0027s specs",
      "ExecutedDateTime": "2025-12-23T21:27:46.0610759+07:00"
    },
    {
      "Query": "wakatime",
      "ExecutedDateTime": "2025-12-24T07:11:47.6913623+07:00"
    },
    {
      "Query": "chrome",
      "ExecutedDateTime": "2025-12-24T07:12:55.936354+07:00"
    },
    {
      "Query": "ke",
      "ExecutedDateTime": "2025-12-24T07:14:54.5508768+07:00"
    },
    {
      "Query": "chrome",
      "ExecutedDateTime": "2025-12-24T07:17:23.8319479+07:00"
    },
    {
      "Query": "saving plan",
      "ExecutedDateTime": "2025-12-24T07:32:36.9556923+07:00"
    },
    {
      "Query": "gg k\u00EDch th\u01B0\u1EDBc bugi xe m\u00E1y honda",
      "ExecutedDateTime": "2025-12-24T07:36:54.278432+07:00"
    },
    {
      "Query": "yt morning playlist",
      "ExecutedDateTime": "2025-12-24T07:42:41.1210464+07:00"
    },
    {
      "Query": "d",
      "ExecutedDateTime": "2025-12-24T07:59:55.9394985+07:00"
    },
    {
      "Query": "150$ to vnd",
      "ExecutedDateTime": "2025-12-24T08:02:21.3806433+07:00"
    },
    {
      "Query": "saving p",
      "ExecutedDateTime": "2025-12-24T09:36:15.8917171+07:00"
    },
    {
      "Query": "ob",
      "ExecutedDateTime": "2025-12-24T09:43:12.7383792+07:00"
    },
    {
      "Query": "za",
      "ExecutedDateTime": "2025-12-24T10:02:12.7275031+07:00"
    },
    {
      "Query": "edge",
      "ExecutedDateTime": "2025-12-24T10:14:59.8250134+07:00"
    },
    {
      "Query": "s apps",
      "ExecutedDateTime": "2025-12-24T10:22:05.5601037+07:00"
    },
    {
      "Query": "gg can\u0027t sign in in edge because of policy",
      "ExecutedDateTime": "2025-12-24T10:24:02.8140157+07:00"
    },
    {
      "Query": "cmd",
      "ExecutedDateTime": "2025-12-24T10:25:56.2217359+07:00"
    },
    {
      "Query": "edge",
      "ExecutedDateTime": "2025-12-24T10:34:27.0064672+07:00"
    },
    {
      "Query": "dis",
      "ExecutedDateTime": "2025-12-24T10:35:31.9864224+07:00"
    },
    {
      "Query": "gg how much RAM I should limit for edge using its resource control feature?",
      "ExecutedDateTime": "2025-12-24T11:56:12.8601584+07:00"
    },
    {
      "Query": "edge",
      "ExecutedDateTime": "2025-12-24T12:01:30.589757+07:00"
    },
    {
      "Query": "ke",
      "ExecutedDateTime": "2025-12-24T12:09:09.800287+07:00"
    },
    {
      "Query": "ob",
      "ExecutedDateTime": "2025-12-24T12:58:05.2765992+07:00"
    },
    {
      "Query": "gg do bitwarden has passkey management feature",
      "ExecutedDateTime": "2025-12-24T13:01:49.5475139+07:00"
    },
    {
      "Query": "ob",
      "ExecutedDateTime": "2025-12-24T13:17:13.1195241+07:00"
    },
    {
      "Query": "d",
      "ExecutedDateTime": "2025-12-24T13:21:09.3323196+07:00"
    },
    {
      "Query": "za",
      "ExecutedDateTime": "2025-12-24T13:30:01.9486275+07:00"
    },
    {
      "Query": "edge",
      "ExecutedDateTime": "2025-12-24T13:31:18.1482994+07:00"
    },
    {
      "Query": "yt chill christmas music",
      "ExecutedDateTime": "2025-12-24T13:38:24.8201728+07:00"
    },
    {
      "Query": "settings",
      "ExecutedDateTime": "2025-12-24T13:38:33.4208772+07:00"
    },
    {
      "Query": "yt chill christmas m",
      "ExecutedDateTime": "2025-12-24T13:38:58.6227176+07:00"
    },
    {
      "Query": "yt chill christmas music",
      "ExecutedDateTime": "2025-12-24T13:39:02.2642478+07:00"
    },
    {
      "Query": ".dotfiles",
      "ExecutedDateTime": "2025-12-24T13:44:12.607636+07:00"
    },
    {
      "Query": "saving",
      "ExecutedDateTime": "2025-12-24T13:47:00.3168709+07:00"
    },
    {
      "Query": "za",
      "ExecutedDateTime": "2025-12-24T13:57:04.6777807+07:00"
    },
    {
      "Query": "gg timer",
      "ExecutedDateTime": "2025-12-24T14:31:10.3349127+07:00"
    },
    {
      "Query": "457\u002B92\u002B103\u002B59\u002B160\u002B172\u002B118\u002B37\u002B442",
      "ExecutedDateTime": "2025-12-24T14:36:50.180048+07:00"
    },
    {
      "Query": "1640-457",
      "ExecutedDateTime": "2025-12-24T14:37:13.5854498+07:00"
    },
    {
      "Query": "za",
      "ExecutedDateTime": "2025-12-24T14:45:59.4014234+07:00"
    },
    {
      "Query": "gg bluetooth jamming guide",
      "ExecutedDateTime": "2025-12-24T14:48:24.3203076+07:00"
    },
    {
      "Query": "notepad",
      "ExecutedDateTime": "2025-12-24T14:53:22.7820303+07:00"
    },
    {
      "Query": "gg USB power meter",
      "ExecutedDateTime": "2025-12-24T14:54:33.4531412+07:00"
    },
    {
      "Query": "gg Multimeter",
      "ExecutedDateTime": "2025-12-24T14:54:44.1635807+07:00"
    },
    {
      "Query": "gg Logic level converter",
      "ExecutedDateTime": "2025-12-24T14:54:53.075683+07:00"
    },
    {
      "Query": "gg what\u0027s a bluejam",
      "ExecutedDateTime": "2025-12-24T15:00:29.4381533+07:00"
    },
    {
      "Query": "code",
      "ExecutedDateTime": "2025-12-24T15:04:57.5768151+07:00"
    },
    {
      "Query": "gg top keyboards that have lcd screen",
      "ExecutedDateTime": "2025-12-24T15:10:26.0134351+07:00"
    },
    {
      "Query": "z75 keyboard",
      "ExecutedDateTime": "2025-12-24T15:10:51.1321554+07:00"
    },
    {
      "Query": "wuche studio",
      "ExecutedDateTime": "2025-12-24T15:11:26.5320035+07:00"
    },
    {
      "Query": "windy.com",
      "ExecutedDateTime": "2025-12-24T15:17:11.2155204+07:00"
    },
    {
      "Query": "gg what\u0027s bitlocker",
      "ExecutedDateTime": "2025-12-24T15:17:43.0439238+07:00"
    },
    {
      "Query": "gg why do my laptop keep loading bitlocker",
      "ExecutedDateTime": "2025-12-24T15:17:59.7993124+07:00"
    },
    {
      "Query": "gg bitlocker screen",
      "ExecutedDateTime": "2025-12-24T15:18:25.718727+07:00"
    },
    {
      "Query": "saving",
      "ExecutedDateTime": "2025-12-24T17:29:51.5901425+07:00"
    },
    {
      "Query": "za",
      "ExecutedDateTime": "2025-12-24T18:31:20.6305445+07:00"
    },
    {
      "Query": "ter",
      "ExecutedDateTime": "2025-12-24T18:41:18.3860871+07:00"
    },
    {
      "Query": "gg timer",
      "ExecutedDateTime": "2025-12-24T18:43:58.9909419+07:00"
    },
    {
      "Query": "gg when writing value and unit, should i use a space between them?",
      "ExecutedDateTime": "2025-12-24T18:56:52.1980463+07:00"
    },
    {
      "Query": "gg how to move multiple items to a folder in powershell",
      "ExecutedDateTime": "2025-12-24T19:01:35.8599191+07:00"
    },
    {
      "Query": "saving",
      "ExecutedDateTime": "2025-12-24T19:08:11.3125877+07:00"
    },
    {
      "Query": "notepad",
      "ExecutedDateTime": "2025-12-24T19:08:53.0401204+07:00"
    },
    {
      "Query": "gg flux l\u00E0 g\u00EC",
      "ExecutedDateTime": "2025-12-24T19:12:58.7030435+07:00"
    },
    {
      "Query": "Small side cutters",
      "ExecutedDateTime": "2025-12-24T19:13:35.349435+07:00"
    },
    {
      "Query": "Wire stripper",
      "ExecutedDateTime": "2025-12-24T19:13:44.4762753+07:00"
    },
    {
      "Query": "Tweezers",
      "ExecutedDateTime": "2025-12-24T19:13:54.0517276+07:00"
    },
    {
      "Query": "sell iot",
      "ExecutedDateTime": "2025-12-24T19:17:48.8341399+07:00"
    },
    {
      "Query": "breadboard",
      "ExecutedDateTime": "2025-12-24T19:18:06.1196978+07:00"
    },
    {
      "Query": "ch\u00EC h\u00E0n dientutuyetnga",
      "ExecutedDateTime": "2025-12-24T19:24:20.7834823+07:00"
    },
    {
      "Query": "Turpentine",
      "ExecutedDateTime": "2025-12-24T19:26:19.9826383+07:00"
    },
    {
      "Query": "gg t\u00F4i n\u00EAn mua nh\u00EDp cong hay th\u1EB3ng khi h\u00E0n linh ki\u1EC7n",
      "ExecutedDateTime": "2025-12-24T19:30:59.4696467+07:00"
    },
    {
      "Query": "Module ngu\u1ED3n breadboard dientutuyetnga",
      "ExecutedDateTime": "2025-12-24T19:37:14.3294751+07:00"
    },
    {
      "Query": "za",
      "ExecutedDateTime": "2025-12-24T19:46:58.1214773+07:00"
    },
    {
      "Query": "level",
      "ExecutedDateTime": "2025-12-25T05:44:03.7342073+07:00"
    },
    {
      "Query": "disc",
      "ExecutedDateTime": "2025-12-25T05:44:37.0125017+07:00"
    },
    {
      "Query": "yt early morning study with me",
      "ExecutedDateTime": "2025-12-25T05:44:53.9212351+07:00"
    },
    {
      "Query": "gg timer",
      "ExecutedDateTime": "2025-12-25T05:49:13.722828+07:00"
    },
    {
      "Query": "saving plan",
      "ExecutedDateTime": "2025-12-25T05:51:55.3346443+07:00"
    },
    {
      "Query": "disc alarm lock",
      "ExecutedDateTime": "2025-12-25T06:00:31.849167+07:00"
    },
    {
      "Query": "rear rack",
      "ExecutedDateTime": "2025-12-25T06:00:56.3460997+07:00"
    },
    {
      "Query": "ob",
      "ExecutedDateTime": "2025-12-25T06:04:36.9097463+07:00"
    },
    {
      "Query": "canopy",
      "ExecutedDateTime": "2025-12-25T06:06:37.9467506+07:00"
    },
    {
      "Query": "gg top open source translator alternate to google translate",
      "ExecutedDateTime": "2025-12-25T06:07:32.2010024+07:00"
    },
    {
      "Query": "ke",
      "ExecutedDateTime": "2025-12-25T06:10:39.1089497+07:00"
    },
    {
      "Query": "saving",
      "ExecutedDateTime": "2025-12-25T06:19:35.472865+07:00"
    },
    {
      "Query": "notepad",
      "ExecutedDateTime": "2025-12-25T06:20:20.0213686+07:00"
    },
    {
      "Query": "Wet wipes",
      "ExecutedDateTime": "2025-12-25T06:24:50.146699+07:00"
    },
    {
      "Query": "translate Spare batteries",
      "ExecutedDateTime": "2025-12-25T06:25:24.9843305+07:00"
    },
    {
      "Query": "ke",
      "ExecutedDateTime": "2025-12-25T06:26:05.7571929+07:00"
    },
    {
      "Query": "settings",
      "ExecutedDateTime": "2025-12-25T06:26:35.5601276+07:00"
    },
    {
      "Query": "gg can i use deepL with search in flowlauncher?",
      "ExecutedDateTime": "2025-12-25T06:27:23.3045788+07:00"
    },
    {
      "Query": "set",
      "ExecutedDateTime": "2025-12-25T06:28:26.3945404+07:00"
    },
    {
      "Query": "C:\\Users\\nmdex\\scoop\\apps\\python\\current\\py.exe",
      "ExecutedDateTime": "2025-12-25T06:29:39.5541055+07:00"
    },
    {
      "Query": "settings",
      "ExecutedDateTime": "2025-12-25T06:31:20.7667861+07:00"
    }
  ]
}