{
  "Items": [
    {
      "Query": "saving",
      "ExecutedDateTime": "2025-12-16T18:44:35.4599139+07:00"
    },
    {
      "Query": "chatgpt.com",
      "ExecutedDateTime": "2025-12-16T18:47:17.4850573+07:00"
    },
    {
      "Query": "gg what\u0027s AGI",
      "ExecutedDateTime": "2025-12-16T18:49:11.4886802+07:00"
    },
    {
      "Query": "gg vua ch\u1EEDi ng\u1EF1a l\u00E0 g\u00EC",
      "ExecutedDateTime": "2025-12-16T18:49:42.7992072+07:00"
    },
    {
      "Query": "gg trung b\u00ECnh 1 ng\u01B0\u1EDDi ph\u1EE5 n\u1EEF vi\u1EC7t nam khi gi\u00E0 c\u00F3 bao nhi\u00EAu n\u1EBFp nh\u0103n",
      "ExecutedDateTime": "2025-12-16T18:53:45.0790311+07:00"
    },
    {
      "Query": "chatgpt.com",
      "ExecutedDateTime": "2025-12-17T08:51:53.3555622+07:00"
    },
    {
      "Query": "za",
      "ExecutedDateTime": "2025-12-17T08:51:57.420689+07:00"
    },
    {
      "Query": "dis",
      "ExecutedDateTime": "2025-12-17T08:53:15.37813+07:00"
    },
    {
      "Query": "s night",
      "ExecutedDateTime": "2025-12-17T08:53:20.3211074+07:00"
    },
    {
      "Query": "gg m\u1ECDi ng\u1EEB\u1EDDi c\u00F3 bi\u1EBFt vua ch\u1EEDi ng\u1EF1a l\u00E0 g\u00EC",
      "ExecutedDateTime": "2025-12-17T08:53:58.1400664+07:00"
    },
    {
      "Query": "yt pantheon phonk",
      "ExecutedDateTime": "2025-12-17T08:55:34.5925962+07:00"
    },
    {
      "Query": "gg what\u0027s nightcore",
      "ExecutedDateTime": "2025-12-17T08:57:17.9476613+07:00"
    },
    {
      "Query": "gg timer",
      "ExecutedDateTime": "2025-12-17T09:00:38.6000025+07:00"
    },
    {
      "Query": "gg 1100 l\u00E0 g\u00EC",
      "ExecutedDateTime": "2025-12-17T09:02:38.9286826+07:00"
    },
    {
      "Query": "gg s\u1ED1 thi\u00EAn th\u1EA7n 999",
      "ExecutedDateTime": "2025-12-17T09:04:09.495616+07:00"
    },
    {
      "Query": "ter",
      "ExecutedDateTime": "2025-12-17T09:10:47.6894117+07:00"
    },
    {
      "Query": "code",
      "ExecutedDateTime": "2025-12-17T09:12:29.6143426+07:00"
    },
    {
      "Query": "ke",
      "ExecutedDateTime": "2025-12-17T09:52:54.7911158+07:00"
    },
    {
      "Query": "note",
      "ExecutedDateTime": "2025-12-17T09:57:41.7381791+07:00"
    },
    {
      "Query": "ob",
      "ExecutedDateTime": "2025-12-17T10:07:43.9708495+07:00"
    },
    {
      "Query": "za",
      "ExecutedDateTime": "2025-12-17T10:29:00.93365+07:00"
    },
    {
      "Query": "gg Watermelon codeforce solution",
      "ExecutedDateTime": "2025-12-17T10:40:25.1802352+07:00"
    },
    {
      "Query": "z",
      "ExecutedDateTime": "2025-12-17T10:41:39.6097453+07:00"
    },
    {
      "Query": "gg realme c\u00F3 ph\u1EA3i l\u00E0 1 h\u00E3ng \u0111i\u1EC7n tho\u1EA1i t\u1ED1t kh\u00F4ng?",
      "ExecutedDateTime": "2025-12-17T10:42:15.07593+07:00"
    },
    {
      "Query": "gg realme 15 5G",
      "ExecutedDateTime": "2025-12-17T10:42:30.6944052+07:00"
    },
    {
      "Query": "gg what\u0027s gcc and g\u002B\u002B standfor",
      "ExecutedDateTime": "2025-12-17T10:58:13.4330187+07:00"
    },
    {
      "Query": "ob",
      "ExecutedDateTime": "2025-12-17T11:04:01.7050515+07:00"
    },
    {
      "Query": "gg how to define a string in C\u002B\u002B",
      "ExecutedDateTime": "2025-12-17T11:20:07.6768954+07:00"
    },
    {
      "Query": "gg how to count the number of items in an array in C\u002B\u002B",
      "ExecutedDateTime": "2025-12-17T11:34:24.0018087+07:00"
    },
    {
      "Query": "gg in C, do i strictly need to define the size of a string",
      "ExecutedDateTime": "2025-12-17T11:35:00.2822712+07:00"
    },
    {
      "Query": "gg how to count the number of items in an array in C\u002B\u002B",
      "ExecutedDateTime": "2025-12-17T11:35:21.3507364+07:00"
    },
    {
      "Query": "gg how to use vector in C\u002B\u002B",
      "ExecutedDateTime": "2025-12-17T11:40:01.2512438+07:00"
    },
    {
      "Query": "gg what\u0027s rate in chess?",
      "ExecutedDateTime": "2025-12-17T12:15:17.5811338+07:00"
    },
    {
      "Query": "chess.com stats",
      "ExecutedDateTime": "2025-12-17T12:16:11.6742744+07:00"
    },
    {
      "Query": "gg chess.com stats",
      "ExecutedDateTime": "2025-12-17T12:16:13.9917423+07:00"
    },
    {
      "Query": "chrome",
      "ExecutedDateTime": "2025-12-17T12:16:18.0664385+07:00"
    },
    {
      "Query": "gg timer",
      "ExecutedDateTime": "2025-12-17T12:19:50.1609454+07:00"
    },
    {
      "Query": "translate verdict",
      "ExecutedDateTime": "2025-12-17T12:22:34.8762562+07:00"
    },
    {
      "Query": "gg size_t vs int in C\u002B\u002B",
      "ExecutedDateTime": "2025-12-17T12:23:44.2005517+07:00"
    },
    {
      "Query": "translate @its_scholz i\u0027m end of programming tasks for today, i\u0027m switching to read economic books. So see ya later for tomorrow",
      "ExecutedDateTime": "2025-12-17T12:36:10.8355751+07:00"
    },
    {
      "Query": "chrome",
      "ExecutedDateTime": "2025-12-17T12:40:59.7140204+07:00"
    },
    {
      "Query": "ob",
      "ExecutedDateTime": "2025-12-17T16:33:24.4751002+07:00"
    },
    {
      "Query": "dis",
      "ExecutedDateTime": "2025-12-17T16:33:31.8315562+07:00"
    },
    {
      "Query": "gg timer",
      "ExecutedDateTime": "2025-12-17T16:33:41.4822337+07:00"
    },
    {
      "Query": "code",
      "ExecutedDateTime": "2025-12-17T16:39:10.9787651+07:00"
    },
    {
      "Query": "notepad",
      "ExecutedDateTime": "2025-12-17T16:42:34.9022337+07:00"
    },
    {
      "Query": "ob",
      "ExecutedDateTime": "2025-12-17T16:51:06.761707+07:00"
    },
    {
      "Query": "gg obsidian\u0027s hotkeys config",
      "ExecutedDateTime": "2025-12-17T17:05:04.8828077+07:00"
    },
    {
      "Query": "ob",
      "ExecutedDateTime": "2025-12-17T17:20:06.2720095+07:00"
    },
    {
      "Query": "yt pantheon phonk",
      "ExecutedDateTime": "2025-12-17T18:16:12.5081426+07:00"
    },
    {
      "Query": "gg what\u0027s engine breaking",
      "ExecutedDateTime": "2025-12-17T18:17:11.05502+07:00"
    },
    {
      "Query": "gg what\u0027s apple copy-paste and sharing behaviors called?",
      "ExecutedDateTime": "2025-12-17T18:23:49.2323045+07:00"
    },
    {
      "Query": "gg what\u0027s **Summary (simple bulleted notes)**  * Groupon became one of the fastest-growing companies in history, but **did not succeed immediately**.  * On its first deal, only about **20 people bought a pizza coupon** near the Chicago office.  * Groupon originally started as **The Point**, a platform for collective action (fundraising, boycotts).  * The Point performed poorly and failed to gain traction.  * In late 2008, the founders decided to **try something simpler**.  * They created a **Minimum Viable Product (MVP)** with extreme simplicity:    * A basic WordPress blog   * Manual posts for daily deals   * Selling simple items (like T-shirts)   * No automated systems or forms   * Coupons sent manually as PDF files by email  * This rough setup was enough to **prove people liked the idea**.  * They sold hundreds of coupons per day using manual tools like FileMaker and Apple Mail.  * Groupon gradually improved the product only after **learning from real usage**.  * A successful MVP does **not need to be polished or small**, only fast to build.  * The purpose of an MVP is to **start the Build\u2013Measure\u2013Learn cycle quickly**.  * Unlike traditional product development, MVPs are meant to **begin learning, not finish the product**.  * MVPs test **business assumptions**, not just design or technical ideas.",
      "ExecutedDateTime": "2025-12-17T18:27:59.0145006+07:00"
    },
    {
      "Query": "gg how to setup obsidian\u0027s vim to use system clipboard?",
      "ExecutedDateTime": "2025-12-17T18:28:13.9668671+07:00"
    },
    {
      "Query": "code",
      "ExecutedDateTime": "2025-12-17T18:29:34.9364844+07:00"
    },
    {
      "Query": "gg how to config vim to not remove current copy after yanking",
      "ExecutedDateTime": "2025-12-17T18:44:27.9433382+07:00"
    },
    {
      "Query": "code",
      "ExecutedDateTime": "2025-12-17T18:45:25.7444305+07:00"
    },
    {
      "Query": "dis",
      "ExecutedDateTime": "2025-12-17T20:57:47.1395362+07:00"
    },
    {
      "Query": "ob",
      "ExecutedDateTime": "2025-12-17T20:58:02.654526+07:00"
    },
    {
      "Query": "gg gi\u1EA3i th\u00EDch \u0022\u0022boiud.top/bazwEkkm/874300212809982922426d2a1b?_t1765897688875\u0022 c\u00F3 ng\u01B0\u1EDDi quen tr\u00EAn face g\u1EEDi c\u00E1i n\u00E0y l\u1EE1 \u1EA5n v\u00E0o n\u00E0y r ph\u1EA3i l\u00E0m sao h:ecc:  c\u00F3 b\u1ECB hack acc kh v, \u1EA5n v\u00F4 th\u1EA5y m\u1ED7i c\u00E1i 404 \u00E0 \u0022 \u003E \u0022Ch\u1EAFc l\u00E0 zero day linux b\u00E1n tr\u00EAn m\u1EA5y web nh\u01B0 xss (ch\u1EA5m) is \u0111\u1EA5y, kh\u1EA3 n\u0103ng cap bay c\u1EA3 m\u00E1y t\u00EDnh l\u1EABn \u0111t\u0022",
      "ExecutedDateTime": "2025-12-17T20:59:31.1435007+07:00"
    },
    {
      "Query": "za",
      "ExecutedDateTime": "2025-12-17T21:03:35.7191632+07:00"
    },
    {
      "Query": "gg gi\u00E1ng sinh ng\u00E0y n\u00E0o",
      "ExecutedDateTime": "2025-12-17T21:07:51.6997088+07:00"
    },
    {
      "Query": "za",
      "ExecutedDateTime": "2025-12-17T21:07:57.3096911+07:00"
    },
    {
      "Query": "gg write me a config of .vimrc (vimrc support for obsidian) that turn from insert to normal mode when typing \u0022jk\u0022",
      "ExecutedDateTime": "2025-12-17T21:09:59.779246+07:00"
    },
    {
      "Query": "code",
      "ExecutedDateTime": "2025-12-17T21:10:12.6278197+07:00"
    },
    {
      "Query": "gg why do people often remap \u0022jk\u0022 into ESC in vim",
      "ExecutedDateTime": "2025-12-17T21:11:46.7596177+07:00"
    },
    {
      "Query": "457\u002B92\u002B59\u002B160\u002B172\u002B118\u002B37\u002B250",
      "ExecutedDateTime": "2025-12-17T21:18:43.6016749+07:00"
    },
    {
      "Query": "saving plan",
      "ExecutedDateTime": "2025-12-17T21:19:01.7091134+07:00"
    },
    {
      "Query": "gg quy tr\u00ECnh t\u1EEB l\u00FAc \u0111\u0103ng k\u00FD cho \u0111\u1EBFn l\u00FAc ch\u1EA1y c\u1EE7a Grab m\u1EA5t bao l\u00E2u",
      "ExecutedDateTime": "2025-12-17T21:20:32.0085827+07:00"
    },
    {
      "Query": "gg n\u00EAn ch\u1ECDn be hay grab",
      "ExecutedDateTime": "2025-12-17T21:20:55.7019486+07:00"
    },
    {
      "Query": "gg hehe meme",
      "ExecutedDateTime": "2025-12-17T21:22:56.1774748+07:00"
    },
    {
      "Query": "gg th\u1ECFa thu\u1EADn h\u1EE3p t\u00E1c grab l\u00E0 g\u00EC",
      "ExecutedDateTime": "2025-12-17T21:28:18.6723034+07:00"
    },
    {
      "Query": "gg be c\u00F3 b\u1EAFt bu\u1ED9c \u0111\u1ED3ng ph\u1EE5c kh\u00F4ng",
      "ExecutedDateTime": "2025-12-17T21:32:40.8541939+07:00"
    },
    {
      "Query": "gg ch\u1EA1y grab kh\u00F4ng m\u1EB7c \u0111\u1ED3ng ph\u1EE5c c\u00F3 sao kh\u00F4ng",
      "ExecutedDateTime": "2025-12-17T21:33:33.225965+07:00"
    },
    {
      "Query": "442-250",
      "ExecutedDateTime": "2025-12-17T21:36:54.2728139+07:00"
    },
    {
      "Query": "1345\u002B192",
      "ExecutedDateTime": "2025-12-17T21:36:57.6015625+07:00"
    },
    {
      "Query": "gg type c to jack 3.5 wire",
      "ExecutedDateTime": "2025-12-17T21:46:37.0549204+07:00"
    },
    {
      "Query": "za",
      "ExecutedDateTime": "2025-12-17T21:50:31.2037148+07:00"
    },
    {
      "Query": "code",
      "ExecutedDateTime": "2025-12-17T21:55:22.2541077+07:00"
    },
    {
      "Query": "codeforces",
      "ExecutedDateTime": "2025-12-17T21:55:26.6725557+07:00"
    },
    {
      "Query": "ke",
      "ExecutedDateTime": "2025-12-17T21:56:03.9110092+07:00"
    },
    {
      "Query": "gg what\u0027s brute force",
      "ExecutedDateTime": "2025-12-17T21:58:32.6871977+07:00"
    },
    {
      "Query": "gg what\u0027s bsc cs?",
      "ExecutedDateTime": "2025-12-17T21:59:48.3324104+07:00"
    },
    {
      "Query": "za",
      "ExecutedDateTime": "2025-12-18T15:53:36.2714087+07:00"
    },
    {
      "Query": "d",
      "ExecutedDateTime": "2025-12-18T15:53:41.038129+07:00"
    },
    {
      "Query": "za",
      "ExecutedDateTime": "2025-12-18T16:08:23.6295944+07:00"
    },
    {
      "Query": "ob",
      "ExecutedDateTime": "2025-12-18T16:11:35.7514245+07:00"
    },
    {
      "Query": "calendar.google.com",
      "ExecutedDateTime": "2025-12-18T16:20:11.9366207+07:00"
    },
    {
      "Query": "chatgpt.com",
      "ExecutedDateTime": "2025-12-18T16:23:02.9666783+07:00"
    },
    {
      "Query": "gg timer",
      "ExecutedDateTime": "2025-12-18T16:36:43.7263885+07:00"
    },
    {
      "Query": "what\u0027s wizard of oz",
      "ExecutedDateTime": "2025-12-18T16:40:20.7706157+07:00"
    },
    {
      "Query": "gg what\u0027s wizard of oz",
      "ExecutedDateTime": "2025-12-18T16:40:25.7567048+07:00"
    },
    {
      "Query": "dis",
      "ExecutedDateTime": "2025-12-18T16:42:22.7271664+07:00"
    },
    {
      "Query": "gg can I play music inside DM in discord",
      "ExecutedDateTime": "2025-12-18T16:47:39.687047+07:00"
    },
    {
      "Query": "gg timer",
      "ExecutedDateTime": "2025-12-18T16:49:54.3595805+07:00"
    },
    {
      "Query": "ke",
      "ExecutedDateTime": "2025-12-18T16:52:16.7060698+07:00"
    },
    {
      "Query": "gg how to set up a discord bot to play music",
      "ExecutedDateTime": "2025-12-18T16:57:35.7795311+07:00"
    },
    {
      "Query": "gg top music bot on discord",
      "ExecutedDateTime": "2025-12-18T16:59:00.0085129+07:00"
    },
    {
      "Query": "yt nh\u1EA1c c\u1ED5 phong remix",
      "ExecutedDateTime": "2025-12-18T17:03:42.6848667+07:00"
    },
    {
      "Query": "gg what\u0027s the free music discord bot that support YouTube?",
      "ExecutedDateTime": "2025-12-18T17:04:35.5722503+07:00"
    },
    {
      "Query": "gg how to remove a bot from discord server",
      "ExecutedDateTime": "2025-12-18T17:06:04.7648447+07:00"
    },
    {
      "Query": "saving",
      "ExecutedDateTime": "2025-12-18T17:24:08.1428808+07:00"
    },
    {
      "Query": "note",
      "ExecutedDateTime": "2025-12-18T17:26:39.1091215+07:00"
    },
    {
      "Query": "ob",
      "ExecutedDateTime": "2025-12-18T17:28:49.2452601+07:00"
    },
    {
      "Query": "gg timer",
      "ExecutedDateTime": "2025-12-18T17:30:10.4094166+07:00"
    },
    {
      "Query": "yt lofi girl",
      "ExecutedDateTime": "2025-12-18T17:30:28.9124732+07:00"
    },
    {
      "Query": "chatgpt.com",
      "ExecutedDateTime": "2025-12-18T17:34:38.251859+07:00"
    },
    {
      "Query": "za",
      "ExecutedDateTime": "2025-12-18T17:35:11.1432988+07:00"
    },
    {
      "Query": "chatgpt.com",
      "ExecutedDateTime": "2025-12-18T17:36:10.7263214+07:00"
    },
    {
      "Query": "s apps",
      "ExecutedDateTime": "2025-12-18T17:36:41.581716+07:00"
    },
    {
      "Query": "command p",
      "ExecutedDateTime": "2025-12-18T17:37:04.0269225+07:00"
    },
    {
      "Query": "movies",
      "ExecutedDateTime": "2025-12-18T17:38:49.7364185+07:00"
    },
    {
      "Query": "ex",
      "ExecutedDateTime": "2025-12-18T17:42:08.2983134+07:00"
    },
    {
      "Query": "gg m\u00E8o m\u1EA3 g\u00E0 \u0111\u1ED3ng l\u00E0 g\u00EC",
      "ExecutedDateTime": "2025-12-18T17:46:21.9833094+07:00"
    },
    {
      "Query": "yt pantheon phonk",
      "ExecutedDateTime": "2025-12-18T17:47:32.7231451+07:00"
    },
    {
      "Query": "code",
      "ExecutedDateTime": "2025-12-18T18:37:30.5013114+07:00"
    },
    {
      "Query": "ke",
      "ExecutedDateTime": "2025-12-18T18:38:23.5055647+07:00"
    },
    {
      "Query": "gg why do i have to use \u0060int main\u0060 in C\u002B\u002B instead of \u0060void main\u0060",
      "ExecutedDateTime": "2025-12-18T18:46:54.0794555+07:00"
    },
    {
      "Query": "gg c\u002B\u002B naming convention",
      "ExecutedDateTime": "2025-12-18T18:52:39.7434066+07:00"
    },
    {
      "Query": "vs",
      "ExecutedDateTime": "2025-12-18T19:05:59.4909241+07:00"
    },
    {
      "Query": "codeforces.com",
      "ExecutedDateTime": "2025-12-18T19:06:08.2150116+07:00"
    },
    {
      "Query": "gg how does ranking system in codeforces work",
      "ExecutedDateTime": "2025-12-18T19:10:11.4715895+07:00"
    },
    {
      "Query": "za",
      "ExecutedDateTime": "2025-12-19T12:06:01.883607+07:00"
    },
    {
      "Query": "ob",
      "ExecutedDateTime": "2025-12-19T12:06:08.2093198+07:00"
    },
    {
      "Query": "gg timer",
      "ExecutedDateTime": "2025-12-19T12:06:14.5693656+07:00"
    },
    {
      "Query": "di",
      "ExecutedDateTime": "2025-12-19T12:09:17.5538983+07:00"
    },
    {
      "Query": "chatgpt.com",
      "ExecutedDateTime": "2025-12-19T12:13:40.9324927+07:00"
    },
    {
      "Query": "s night",
      "ExecutedDateTime": "2025-12-19T12:14:12.6603433+07:00"
    },
    {
      "Query": "gg timer",
      "ExecutedDateTime": "2025-12-19T12:14:18.7270715+07:00"
    },
    {
      "Query": "quic",
      "ExecutedDateTime": "2025-12-19T12:29:53.7392437+07:00"
    },
    {
      "Query": "za",
      "ExecutedDateTime": "2025-12-19T12:46:59.2784955+07:00"
    },
    {
      "Query": "gg what\u0027s Ctrl\u002Bo in neovim",
      "ExecutedDateTime": "2025-12-19T13:01:06.559688+07:00"
    },
    {
      "Query": "gg trend ng\u1EF1a v\u1EEBa kh\u00F3c v\u1EEBa l\u00E0m",
      "ExecutedDateTime": "2025-12-19T13:52:09.8560475+07:00"
    },
    {
      "Query": "gg ion engine",
      "ExecutedDateTime": "2025-12-19T13:57:10.0935084+07:00"
    },
    {
      "Query": "gg c\u00F4ng th\u1EE9c t\u00EDnh l\u1EF1c \u0111\u1EA9y c\u1EE7a \u0111\u1ED9ng c\u01A1 ion",
      "ExecutedDateTime": "2025-12-19T14:04:09.6428971+07:00"
    },
    {
      "Query": "za",
      "ExecutedDateTime": "2025-12-19T14:40:38.4273722+07:00"
    },
    {
      "Query": "saving plan",
      "ExecutedDateTime": "2025-12-19T14:41:01.4629037+07:00"
    },
    {
      "Query": "274\u002B285",
      "ExecutedDateTime": "2025-12-19T14:44:26.3704935+07:00"
    },
    {
      "Query": "559/2",
      "ExecutedDateTime": "2025-12-19T14:44:28.205965+07:00"
    },
    {
      "Query": "saving plan",
      "ExecutedDateTime": "2025-12-19T14:46:46.2814119+07:00"
    },
    {
      "Query": "notepad",
      "ExecutedDateTime": "2025-12-19T14:59:44.7927832+07:00"
    },
    {
      "Query": "s mouse",
      "ExecutedDateTime": "2025-12-20T06:50:20.0338454+07:00"
    },
    {
      "Query": "gg which cloud storage service i should use as a programmer",
      "ExecutedDateTime": "2025-12-20T06:50:57.1825184+07:00"
    },
    {
      "Query": "gg timer",
      "ExecutedDateTime": "2025-12-20T06:52:14.40689+07:00"
    },
    {
      "Query": "gg 15$ to vnd",
      "ExecutedDateTime": "2025-12-20T06:55:32.2474843+07:00"
    },
    {
      "Query": "kee",
      "ExecutedDateTime": "2025-12-20T07:30:45.1223882+07:00"
    },
    {
      "Query": "qu",
      "ExecutedDateTime": "2025-12-20T07:35:00.7632301+07:00"
    },
    {
      "Query": "gg freewolf x7 mouse",
      "ExecutedDateTime": "2025-12-20T11:19:30.3795354+07:00"
    },
    {
      "Query": "za",
      "ExecutedDateTime": "2025-12-20T11:21:25.1166793+07:00"
    },
    {
      "Query": "ob",
      "ExecutedDateTime": "2025-12-20T11:30:38.0516234+07:00"
    },
    {
      "Query": "za",
      "ExecutedDateTime": "2025-12-20T12:34:37.9763546+07:00"
    },
    {
      "Query": "d",
      "ExecutedDateTime": "2025-12-20T12:40:33.6022053+07:00"
    },
    {
      "Query": "driv",
      "ExecutedDateTime": "2025-12-20T12:44:59.5376629+07:00"
    },
    {
      "Query": "ob",
      "ExecutedDateTime": "2025-12-20T12:45:49.8858858+07:00"
    },
    {
      "Query": "s",
      "ExecutedDateTime": "2025-12-20T12:58:58.9109204+07:00"
    },
    {
      "Query": "code",
      "ExecutedDateTime": "2025-12-20T13:00:16.2166257+07:00"
    },
    {
      "Query": "syncthinghidee",
      "ExecutedDateTime": "2025-12-20T13:01:44.7956188+07:00"
    },
    {
      "Query": "s star",
      "ExecutedDateTime": "2025-12-20T13:01:56.5209671+07:00"
    },
    {
      "Query": "ob",
      "ExecutedDateTime": "2025-12-20T13:11:02.0491041+07:00"
    },
    {
      "Query": "ter",
      "ExecutedDateTime": "2025-12-20T13:14:23.5348759+07:00"
    },
    {
      "Query": "s start",
      "ExecutedDateTime": "2025-12-20T13:14:31.3393672+07:00"
    },
    {
      "Query": "\u003E C:\\Users\\nmdex\\scoop\\apps\\syncthing\\current\\syncthing.exe",
      "ExecutedDateTime": "2025-12-20T13:15:44.5960343+07:00"
    },
    {
      "Query": "driv",
      "ExecutedDateTime": "2025-12-20T13:56:35.808416+07:00"
    },
    {
      "Query": "s star",
      "ExecutedDateTime": "2025-12-20T13:58:25.2300058+07:00"
    },
    {
      "Query": "code",
      "ExecutedDateTime": "2025-12-20T14:14:24.7480898+07:00"
    },
    {
      "Query": "s startup",
      "ExecutedDateTime": "2025-12-20T14:15:32.9733885+07:00"
    },
    {
      "Query": "gg kawasaki versys-x 300 wallpapers",
      "ExecutedDateTime": "2025-12-20T14:17:56.870631+07:00"
    },
    {
      "Query": "s back",
      "ExecutedDateTime": "2025-12-20T14:35:07.3224804+07:00"
    },
    {
      "Query": "one",
      "ExecutedDateTime": "2025-12-20T14:58:52.0579037+07:00"
    },
    {
      "Query": "yt pantheon phonk",
      "ExecutedDateTime": "2025-12-20T15:01:08.6835365+07:00"
    },
    {
      "Query": "s lock",
      "ExecutedDateTime": "2025-12-20T15:10:31.2375212+07:00"
    },
    {
      "Query": "ob",
      "ExecutedDateTime": "2025-12-20T15:13:05.1923271+07:00"
    },
    {
      "Query": "za",
      "ExecutedDateTime": "2025-12-20T15:23:50.0328419+07:00"
    },
    {
      "Query": "ob",
      "ExecutedDateTime": "2025-12-20T15:26:27.1468696+07:00"
    },
    {
      "Query": "dis",
      "ExecutedDateTime": "2025-12-21T09:41:38.979052+07:00"
    },
    {
      "Query": "cisco layer 3",
      "ExecutedDateTime": "2025-12-21T09:44:17.7168206+07:00"
    },
    {
      "Query": "gg hi\u1EC7n t\u1EA1i LoL c\u00F3 c\u00E1c s\u1EF1 ki\u1EC7n g\u00EC",
      "ExecutedDateTime": "2025-12-21T09:46:00.4044862+07:00"
    },
    {
      "Query": "za",
      "ExecutedDateTime": "2025-12-21T09:47:37.3138151+07:00"
    },
    {
      "Query": "code",
      "ExecutedDateTime": "2025-12-21T09:52:31.6415638+07:00"
    },
    {
      "Query": "savings plan.xlsx",
      "ExecutedDateTime": "2025-12-21T10:07:43.2812924+07:00"
    },
    {
      "Query": "quic",
      "ExecutedDateTime": "2025-12-21T10:20:07.628994+07:00"
    },
    {
      "Query": "chatgpt.com",
      "ExecutedDateTime": "2025-12-21T10:27:30.3829267+07:00"
    },
    {
      "Query": "ke",
      "ExecutedDateTime": "2025-12-21T10:37:16.9074583+07:00"
    },
    {
      "Query": "q",
      "ExecutedDateTime": "2025-12-21T10:47:33.6380923+07:00"
    },
    {
      "Query": "gg can windows open zip64 file?",
      "ExecutedDateTime": "2025-12-21T11:13:53.1439934+07:00"
    },
    {
      "Query": "savings",
      "ExecutedDateTime": "2025-12-21T11:17:13.3208112+07:00"
    },
    {
      "Query": "ke",
      "ExecutedDateTime": "2025-12-21T11:21:25.5572948+07:00"
    },
    {
      "Query": "za",
      "ExecutedDateTime": "2025-12-21T11:35:15.2321448+07:00"
    },
    {
      "Query": "yt h\u00E0 ti\u1EC1u phu",
      "ExecutedDateTime": "2025-12-21T11:57:54.3280033+07:00"
    },
    {
      "Query": "gg current URF events in LoL",
      "ExecutedDateTime": "2025-12-21T12:09:48.4594619+07:00"
    },
    {
      "Query": "gg \u1ED1p l\u01B0ng realme 15",
      "ExecutedDateTime": "2025-12-21T12:17:22.9095496+07:00"
    },
    {
      "Query": "gg t\u1EA3i lol",
      "ExecutedDateTime": "2025-12-21T12:17:34.0048552+07:00"
    },
    {
      "Query": "ob",
      "ExecutedDateTime": "2025-12-21T12:22:37.7123358+07:00"
    },
    {
      "Query": "chatgpt.com",
      "ExecutedDateTime": "2025-12-21T13:01:00.3820927+07:00"
    },
    {
      "Query": "za",
      "ExecutedDateTime": "2025-12-21T13:03:33.8677323+07:00"
    },
    {
      "Query": "gg what\u0027s wikidata",
      "ExecutedDateTime": "2025-12-21T13:07:52.3743234+07:00"
    },
    {
      "Query": "space search engine",
      "ExecutedDateTime": "2025-12-21T13:08:15.6728041+07:00"
    },
    {
      "Query": "internet archive",
      "ExecutedDateTime": "2025-12-21T13:09:31.0735137+07:00"
    },
    {
      "Query": "openstax",
      "ExecutedDateTime": "2025-12-21T13:10:48.9973814+07:00"
    },
    {
      "Query": "gg what\u0027s bluesky and mastodon",
      "ExecutedDateTime": "2025-12-21T13:11:21.7757856+07:00"
    },
    {
      "Query": "10000*12",
      "ExecutedDateTime": "2025-12-21T13:12:48.2133787+07:00"
    },
    {
      "Query": "Open Knowledge Foundation",
      "ExecutedDateTime": "2025-12-21T13:21:33.3398571+07:00"
    },
    {
      "Query": "ob",
      "ExecutedDateTime": "2025-12-21T13:22:34.2979956+07:00"
    },
    {
      "Query": "weather next week",
      "ExecutedDateTime": "2025-12-21T13:23:36.236766+07:00"
    },
    {
      "Query": "gg th\u1EDDi ti\u1EBFt ch\u1EE3 g\u1EA1o ti\u1EC1n giang 22/12/2025",
      "ExecutedDateTime": "2025-12-21T13:28:22.6036374+07:00"
    },
    {
      "Query": "gg 22/12, h\u00E0nh tr\u00ECnh t\u1EEB ti\u1EC1n giang =\u003E tp.hcm, cho t\u00F4i bi\u1EBFt th\u1EDDi ti\u1EBFt c\u00F3 \u1ED5n hay kh\u00F4ng",
      "ExecutedDateTime": "2025-12-21T13:31:14.0332631+07:00"
    },
    {
      "Query": "gg talk about https://www.opensourceecology.org/",
      "ExecutedDateTime": "2025-12-21T13:35:43.7027792+07:00"
    },
    {
      "Query": "Codeforces.com",
      "ExecutedDateTime": "2025-12-21T13:42:15.7830823+07:00"
    },
    {
      "Query": "mc laren",
      "ExecutedDateTime": "2025-12-21T13:46:23.8349972+07:00"
    },
    {
      "Query": "notepad",
      "ExecutedDateTime": "2025-12-21T13:50:06.237744+07:00"
    },
    {
      "Query": "note",
      "ExecutedDateTime": "2025-12-21T13:52:20.4609683+07:00"
    },
    {
      "Query": "gg qu\u1EF3 g\u1ED1i tr\u00EAn s\u1EA7u ri\u00EAng",
      "ExecutedDateTime": "2025-12-21T13:53:40.5686669+07:00"
    },
    {
      "Query": "control",
      "ExecutedDateTime": "2025-12-21T14:56:35.0589722+07:00"
    },
    {
      "Query": "one",
      "ExecutedDateTime": "2025-12-21T14:58:22.2467189+07:00"
    },
    {
      "Query": "ke",
      "ExecutedDateTime": "2025-12-21T15:00:53.8769239+07:00"
    },
    {
      "Query": "gg what\u0027s deduplicate file?",
      "ExecutedDateTime": "2025-12-21T15:19:52.340434+07:00"
    },
    {
      "Query": "cap",
      "ExecutedDateTime": "2025-12-21T15:25:29.5531031+07:00"
    },
    {
      "Query": "q",
      "ExecutedDateTime": "2025-12-21T15:28:28.4903719+07:00"
    },
    {
      "Query": "NirSoft BulkFileChanger",
      "ExecutedDateTime": "2025-12-21T15:44:52.3477922+07:00"
    },
    {
      "Query": "portable attri",
      "ExecutedDateTime": "2025-12-21T15:46:43.8839629+07:00"
    },
    {
      "Query": "C:\\Users\\nmdex\\Downloads\\Attribute Changer Portable\\",
      "ExecutedDateTime": "2025-12-21T15:48:21.0783568+07:00"
    },
    {
      "Query": "ke",
      "ExecutedDateTime": "2025-12-21T15:56:14.2537635+07:00"
    },
    {
      "Query": "ob",
      "ExecutedDateTime": "2025-12-21T15:57:25.1505413+07:00"
    },
    {
      "Query": "yt motorcycle motivation",
      "ExecutedDateTime": "2025-12-21T16:03:02.9224429+07:00"
    },
    {
      "Query": "maps",
      "ExecutedDateTime": "2025-12-21T16:06:27.1787678+07:00"
    },
    {
      "Query": "maps \u0111i ch\u1EE3 g\u1EA1o r\u1ED3i sang b\u1EBFn tre",
      "ExecutedDateTime": "2025-12-21T16:06:37.2777667+07:00"
    },
    {
      "Query": "quiv",
      "ExecutedDateTime": "2025-12-21T16:11:48.9880302+07:00"
    },
    {
      "Query": "qui",
      "ExecutedDateTime": "2025-12-21T16:11:52.2685454+07:00"
    },
    {
      "Query": "ob",
      "ExecutedDateTime": "2025-12-21T16:34:16.221522+07:00"
    },
    {
      "Query": "ter",
      "ExecutedDateTime": "2025-12-21T16:34:53.4884817+07:00"
    },
    {
      "Query": "ob",
      "ExecutedDateTime": "2025-12-21T16:37:00.4791136+07:00"
    },
    {
      "Query": "gg how can I rent a server and managing hosting myself?",
      "ExecutedDateTime": "2025-12-21T16:43:10.0153669+07:00"
    },
    {
      "Query": "za",
      "ExecutedDateTime": "2025-12-21T16:47:42.2197583+07:00"
    },
    {
      "Query": "\u003E ping duckduckgo.com",
      "ExecutedDateTime": "2025-12-21T16:57:19.3337172+07:00"
    },
    {
      "Query": "\u003E ping google.com",
      "ExecutedDateTime": "2025-12-21T16:57:29.1485307+07:00"
    },
    {
      "Query": "gg ng\u00E0nh c\u01A1 kh\u00ED ti\u1EBFng Anh g\u1ECDi l\u00E0 g\u00EC",
      "ExecutedDateTime": "2025-12-21T17:00:33.4681041+07:00"
    },
    {
      "Query": "control",
      "ExecutedDateTime": "2025-12-21T17:02:31.5449751+07:00"
    },
    {
      "Query": "gg avatar",
      "ExecutedDateTime": "2025-12-21T17:15:27.0700749+07:00"
    },
    {
      "Query": "gg toruk makto",
      "ExecutedDateTime": "2025-12-21T17:38:32.2555665+07:00"
    },
    {
      "Query": "gg thanator",
      "ExecutedDateTime": "2025-12-21T17:41:05.4846244+07:00"
    },
    {
      "Query": "gg why do human form intellegient",
      "ExecutedDateTime": "2025-12-21T18:00:33.5183568+07:00"
    },
    {
      "Query": "gg payakan",
      "ExecutedDateTime": "2025-12-21T18:03:01.2493275+07:00"
    },
    {
      "Query": "gg mangwan in avatar 3",
      "ExecutedDateTime": "2025-12-21T18:12:00.0490519+07:00"
    },
    {
      "Query": "gg what\u0027s the human guy of sully family in avatar",
      "ExecutedDateTime": "2025-12-21T18:30:28.7437567+07:00"
    },
    {
      "Query": "gg skimmwing",
      "ExecutedDateTime": "2025-12-21T20:10:04.2036312+07:00"
    },
    {
      "Query": "gg how does the ecosystem in Avatar movie work",
      "ExecutedDateTime": "2025-12-21T21:09:04.0171298+07:00"
    },
    {
      "Query": "gg watch avatar 3 free",
      "ExecutedDateTime": "2025-12-21T21:16:39.7709503+07:00"
    },
    {
      "Query": "saving plan",
      "ExecutedDateTime": "2025-12-22T07:50:58.4157403+07:00"
    },
    {
      "Query": "dis",
      "ExecutedDateTime": "2025-12-22T07:51:25.3322628+07:00"
    },
    {
      "Query": "gg timer",
      "ExecutedDateTime": "2025-12-22T07:56:19.5063608+07:00"
    },
    {
      "Query": "20-5",
      "ExecutedDateTime": "2025-12-22T07:57:23.5650997+07:00"
    },
    {
      "Query": "15/2",
      "ExecutedDateTime": "2025-12-22T07:57:25.3312093+07:00"
    },
    {
      "Query": "ke",
      "ExecutedDateTime": "2025-12-22T08:02:59.2118187+07:00"
    },
    {
      "Query": "ob",
      "ExecutedDateTime": "2025-12-22T08:06:35.6943589+07:00"
    },
    {
      "Query": "s star",
      "ExecutedDateTime": "2025-12-22T08:07:10.7771808+07:00"
    },
    {
      "Query": "o",
      "ExecutedDateTime": "2025-12-23T09:09:14.0875983+07:00"
    },
    {
      "Query": "za",
      "ExecutedDateTime": "2025-12-23T09:23:06.0428953+07:00"
    },
    {
      "Query": "gg xem the wild robot",
      "ExecutedDateTime": "2025-12-23T09:28:05.6008401+07:00"
    },
    {
      "Query": "gg the wild robot",
      "ExecutedDateTime": "2025-12-23T09:28:35.0672555+07:00"
    },
    {
      "Query": "yt how to use realme m2420e1 earbuds",
      "ExecutedDateTime": "2025-12-23T09:33:31.8179179+07:00"
    },
    {
      "Query": "gg how to use touch on realme earbuds",
      "ExecutedDateTime": "2025-12-23T09:36:41.2158001+07:00"
    },
    {
      "Query": "yt pantheon phonk",
      "ExecutedDateTime": "2025-12-23T12:14:53.9660097+07:00"
    },
    {
      "Query": "dis",
      "ExecutedDateTime": "2025-12-23T12:15:22.1525125+07:00"
    },
    {
      "Query": "chrome",
      "ExecutedDateTime": "2025-12-23T12:18:09.0880687+07:00"
    },
    {
      "Query": "ke",
      "ExecutedDateTime": "2025-12-23T12:19:50.5033024+07:00"
    },
    {
      "Query": "gg t\u00F4i c\u00F3 th\u1EC3 d\u00F9ng th\u1EBB JCB c\u1EE7a mb bank \u0111\u1EC3 r\u00FAt ti\u1EC1n \u1EDF n\u1EC1n t\u1EA3ng h\u1ED7 tr\u1EE3 visa v\u00E0 mastercard kh\u00F4ng",
      "ExecutedDateTime": "2025-12-23T12:24:20.8599524+07:00"
    },
    {
      "Query": "quic",
      "ExecutedDateTime": "2025-12-23T12:25:26.2075911+07:00"
    },
    {
      "Query": "q",
      "ExecutedDateTime": "2025-12-23T12:26:11.9123925+07:00"
    },
    {
      "Query": "za",
      "ExecutedDateTime": "2025-12-23T12:26:24.1536776+07:00"
    },
    {
      "Query": "d",
      "ExecutedDateTime": "2025-12-23T12:33:02.5863986+07:00"
    },
    {
      "Query": "obsidian",
      "ExecutedDateTime": "2025-12-23T12:33:51.6326432+07:00"
    },
    {
      "Query": "notepad",
      "ExecutedDateTime": "2025-12-23T12:41:00.0033334+07:00"
    },
    {
      "Query": "maintainance list",
      "ExecutedDateTime": "2025-12-23T13:01:03.073315+07:00"
    },
    {
      "Query": "za",
      "ExecutedDateTime": "2025-12-23T13:06:40.6117641+07:00"
    },
    {
      "Query": "notepad",
      "ExecutedDateTime": "2025-12-23T13:42:50.1644005+07:00"
    },
    {
      "Query": "maps ch\u00F9a ph\u00E1p hoa",
      "ExecutedDateTime": "2025-12-23T18:16:12.1969616+07:00"
    },
    {
      "Query": "code",
      "ExecutedDateTime": "2025-12-23T19:05:48.9818776+07:00"
    },
    {
      "Query": "gg what\u0027s linux sbc",
      "ExecutedDateTime": "2025-12-23T20:47:05.7951467+07:00"
    },
    {
      "Query": "ter",
      "ExecutedDateTime": "2025-12-23T20:51:02.2560868+07:00"
    },
    {
      "Query": "gg how to uninstall a pkg with npm",
      "ExecutedDateTime": "2025-12-23T20:53:39.0841353+07:00"
    },
    {
      "Query": "control",
      "ExecutedDateTime": "2025-12-23T20:55:48.7437964+07:00"
    },
    {
      "Query": "cap",
      "ExecutedDateTime": "2025-12-23T20:59:22.5744413+07:00"
    },
    {
      "Query": "za",
      "ExecutedDateTime": "2025-12-23T21:23:18.1148432+07:00"
    },
    {
      "Query": "gg what\u0027s talking head video type",
      "ExecutedDateTime": "2025-12-23T21:24:30.3975268+07:00"
    },
    {
      "Query": "gg gave me the powershell scripts that will list my computer\u0027s specs",
      "ExecutedDateTime": "2025-12-23T21:27:46.0610759+07:00"
    },
    {
      "Query": "wakatime",
      "ExecutedDateTime": "2025-12-24T07:11:47.6913623+07:00"
    },
    {
      "Query": "chrome",
      "ExecutedDateTime": "2025-12-24T07:12:55.936354+07:00"
    },
    {
      "Query": "ke",
      "ExecutedDateTime": "2025-12-24T07:14:54.5508768+07:00"
    },
    {
      "Query": "chrome",
      "ExecutedDateTime": "2025-12-24T07:17:23.8319479+07:00"
    },
    {
      "Query": "saving plan",
      "ExecutedDateTime": "2025-12-24T07:32:36.9556923+07:00"
    },
    {
      "Query": "gg k\u00EDch th\u01B0\u1EDBc bugi xe m\u00E1y honda",
      "ExecutedDateTime": "2025-12-24T07:36:54.278432+07:00"
    },
    {
      "Query": "yt morning playlist",
      "ExecutedDateTime": "2025-12-24T07:42:41.1210464+07:00"
    },
    {
      "Query": "d",
      "ExecutedDateTime": "2025-12-24T07:59:55.9394985+07:00"
    },
    {
      "Query": "150$ to vnd",
      "ExecutedDateTime": "2025-12-24T08:02:21.3806433+07:00"
    },
    {
      "Query": "saving p",
      "ExecutedDateTime": "2025-12-24T09:36:15.8917171+07:00"
    },
    {
      "Query": "ob",
      "ExecutedDateTime": "2025-12-24T09:43:12.7383792+07:00"
    },
    {
      "Query": "za",
      "ExecutedDateTime": "2025-12-24T10:02:12.7275031+07:00"
    },
    {
      "Query": "edge",
      "ExecutedDateTime": "2025-12-24T10:14:59.8250134+07:00"
    },
    {
      "Query": "s apps",
      "ExecutedDateTime": "2025-12-24T10:22:05.5601037+07:00"
    },
    {
      "Query": "gg can\u0027t sign in in edge because of policy",
      "ExecutedDateTime": "2025-12-24T10:24:02.8140157+07:00"
    },
    {
      "Query": "cmd",
      "ExecutedDateTime": "2025-12-24T10:25:56.2217359+07:00"
    }
  ]
}