{
  "Items": [
    {
      "Query": "settings",
      "ExecutedDateTime": "2025-11-09T21:30:31.6034082+07:00"
    },
    {
      "Query": "ever",
      "ExecutedDateTime": "2025-11-09T21:31:06.8528627+07:00"
    },
    {
      "Query": "s start",
      "ExecutedDateTime": "2025-11-09T21:31:19.0537491+07:00"
    },
    {
      "Query": "Flowlauncher",
      "ExecutedDateTime": "2025-11-09T21:32:35.9829026+07:00"
    },
    {
      "Query": "scoop",
      "ExecutedDateTime": "2025-11-09T21:33:48.3925585+07:00"
    },
    {
      "Query": "C:\\Users\\nmdex\\scoop\\",
      "ExecutedDateTime": "2025-11-09T21:33:50.1977159+07:00"
    },
    {
      "Query": "s start",
      "ExecutedDateTime": "2025-11-09T21:34:36.3431761+07:00"
    },
    {
      "Query": "chrome",
      "ExecutedDateTime": "2025-11-09T21:36:52.3437269+07:00"
    },
    {
      "Query": "every",
      "ExecutedDateTime": "2025-11-09T21:36:59.933522+07:00"
    },
    {
      "Query": "chrome",
      "ExecutedDateTime": "2025-11-09T21:37:17.1976044+07:00"
    },
    {
      "Query": "code",
      "ExecutedDateTime": "2025-11-09T21:37:26.071801+07:00"
    },
    {
      "Query": "power",
      "ExecutedDateTime": "2025-11-09T21:37:41.4857425+07:00"
    },
    {
      "Query": "s loca",
      "ExecutedDateTime": "2025-11-09T21:39:50.7787759+07:00"
    },
    {
      "Query": "phon",
      "ExecutedDateTime": "2025-11-09T21:47:28.3427263+07:00"
    },
    {
      "Query": "s stor",
      "ExecutedDateTime": "2025-11-09T21:55:26.4242821+07:00"
    },
    {
      "Query": "con",
      "ExecutedDateTime": "2025-11-09T22:20:28.756737+07:00"
    },
    {
      "Query": "wt power",
      "ExecutedDateTime": "2025-11-09T23:00:25.964198+07:00"
    },
    {
      "Query": "windowsapps",
      "ExecutedDateTime": "2025-11-09T23:06:39.9992954+07:00"
    },
    {
      "Query": "C:\\Program Files\\WindowsApps\\",
      "ExecutedDateTime": "2025-11-09T23:06:41.1044748+07:00"
    },
    {
      "Query": "uni",
      "ExecutedDateTime": "2025-11-09T23:08:07.3586+07:00"
    },
    {
      "Query": "settings",
      "ExecutedDateTime": "2025-11-09T23:10:57.791698+07:00"
    }
  ]
}